9.361058,-17.500031,0.000000,90.000003,2.811209,90.000003,1.000000,15,0.500000,0.500000,0.000000,0,0.000000,0.000000,0.000000,0.000000
9.370868,-17.699789,0.000000,90.000003,2.811211,90.000003,1.000000,15,0.500000,0.500000,0.000000,0,0.000000,0.000000,0.000000,0.000000
9.380681,-17.899549,0.000000,89.999996,2.812271,89.999996,1.000000,15,0.500000,0.500000,0.000000,0,0.000000,0.000000,0.000000,0.000000
9.390475,-18.098991,0.000000,90.000003,2.811751,90.000003,1.000000,15,0.500000,0.500000,0.000000,0,0.000000,0.000000,0.000000,0.000000
9.400287,-18.298756,0.000000,90.000003,2.989870,90.000003,1.000000,15,0.500000,0.500000,0.000000,0,0.000000,0.000000,0.000000,0.000000
9.422391,-18.698141,0.000000,89.999996,3.344927,89.999996,1.000000,15,0.500000,0.500000,0.000000,0,0.000000,0.000000,0.000000,0.000000
9.434680,-18.897758,0.000000,90.000003,3.630732,90.000003,1.000000,15,0.500000,0.500000,0.000000,0,0.000000,0.000000,0.000000,0.000000
9.446971,-19.097382,0.000000,90.000016,3.523644,90.000016,1.000000,15,0.500000,0.500000,0.000000,0,0.000000,0.000000,0.000000,0.000000
9.459262,-19.297007,0.000000,89.999996,3.522577,89.999996,1.000000,15,0.500000,0.500000,0.000000,0,0.000000,0.000000,0.000000,0.000000
9.471549,-19.496630,0.000000,90.000003,3.523119,90.000003,1.000000,15,0.500000,0.500000,0.000000,0,0.000000,0.000000,0.000000,0.000000
9.483842,-19.696247,0.000000,90.000003,3.523210,90.000003,1.000000,15,0.500000,0.500000,0.000000,0,0.000000,0.000000,0.000000,0.000000
9.496127,-19.895866,0.000000,89.999996,3.219464,90.000003,1.000000,15,0.500000,0.500000,0.000000,0,0.000000,0.000000,0.000000,0.000000
9.508422,-20.095499,0.000000,90.000003,3.523543,90.000003,1.000000,15,0.500000,0.500000,0.000000,0,0.000000,0.000000,0.000000,0.000000
9.520713,-20.295115,0.000000,90.000003,3.523210,90.000003,1.000000,15,0.500000,0.500000,0.000000,0,0.000000,0.000000,0.000000,0.000000
9.533004,-20.494740,0.000000,90.000003,3.523119,90.000003,1.000000,15,0.500000,0.500000,0.000000,0,0.000000,0.000000,0.000000,0.000000
9.545293,-20.694359,0.000000,90.000009,3.523425,90.000009,1.000000,15,0.500000,0.500000,0.000000,0,0.000000,0.000000,0.000000,0.000000
9.557582,-20.893982,0.000000,89.999996,3.522577,89.999996,1.000000,15,0.500000,0.500000,0.000000,0,0.000000,0.000000,0.000000,0.000000
9.569871,-21.093607,0.000000,89.999996,3.522577,89.999996,1.000000,15,0.500000,0.500000,0.000000,0,0.000000,0.000000,0.000000,0.000000
9.582164,-21.293232,0.000000,90.000003,3.630732,90.000003,1.000000,15,0.500000,0.500000,0.000000,0,0.000000,0.000000,0.000000,0.000000
9.594451,-21.492847,0.000000,90.000003,3.630732,90.000003,1.000000,15,0.500000,0.500000,0.000000,0,0.000000,0.000000,0.000000,0.000000
9.606744,-21.692471,0.000000,90.000016,3.523644,90.000016,1.000000,15,0.500000,0.500000,0.000000,0,0.000000,0.000000,0.000000,0.000000
9.619031,-21.892096,0.000000,89.999996,3.452150,89.999996,1.000000,15,0.500000,0.500000,0.000000,0,0.000000,0.000000,0.000000,0.000000
9.631272,-22.090872,0.000000,90.000003,3.463781,90.000003,1.000000,15,0.500000,0.500000,0.000000,0,0.000000,0.000000,0.000000,0.000000
9.643561,-22.290489,0.000000,90.000009,4.131479,90.000009,1.000000,15,0.500000,0.500000,0.000000,0,0.000000,0.000000,0.000000,0.000000
9.655852,-22.490108,0.000000,90.000003,3.522893,90.000003,1.000000,15,0.500000,0.500000,0.000000,0,0.000000,0.000000,0.000000,0.000000
9.668143,-22.689735,0.000000,90.000009,3.377300,90.000009,1.000000,15,0.500000,0.500000,0.000000,0,0.000000,0.000000,0.000000,0.000000
9.680432,-22.889360,0.000000,89.999996,3.522577,89.999996,1.000000,15,0.500000,0.500000,0.000000,0,0.000000,0.000000,0.000000,0.000000
9.692721,-23.088985,0.000000,90.000003,3.523119,90.000003,1.000000,15,0.500000,0.500000,0.000000,0,0.000000,0.000000,0.000000,0.000000
9.705014,-23.288605,0.000000,90.000009,3.523425,90.000009,1.000000,15,0.500000,0.500000,0.000000,0,0.000000,0.000000,0.000000,0.000000
9.717301,-23.488226,0.000000,90.000009,3.522354,90.000009,1.000000,15,0.500000,0.500000,0.000000,0,0.000000,0.000000,0.000000,0.000000
9.729594,-23.687849,0.000000,90.000016,3.523644,90.000016,1.000000,15,0.500000,0.500000,0.000000,0,0.000000,0.000000,0.000000,0.000000
9.741883,-23.887474,0.000000,90.000003,3.630732,90.000003,1.000000,15,0.500000,0.500000,0.000000,0,0.000000,0.000000,0.000000,0.000000
9.754174,-24.087090,0.000000,90.000009,3.522674,90.000009,1.000000,15,0.500000,0.500000,0.000000,0,0.000000,0.000000,0.000000,0.000000
9.766461,-24.286713,0.000000,89.999996,3.522577,89.999996,1.000000,15,0.500000,0.500000,0.000000,0,0.000000,0.000000,0.000000,0.000000
9.778750,-24.486338,0.000000,89.999996,3.522577,89.999996,1.000000,15,0.500000,0.500000,0.000000,0,0.000000,0.000000,0.000000,0.000000
9.791043,-24.685963,0.000000,90.000003,3.524180,90.000003,1.000000,15,0.500000,0.500000,0.000000,0,0.000000,0.000000,0.000000,0.000000
9.803332,-24.885582,0.000000,90.000009,3.522354,90.000009,1.000000,15,0.500000,0.500000,0.000000,0,0.000000,0.000000,0.000000,0.000000
9.815623,-25.085201,0.000000,90.000009,3.523425,90.000009,1.000000,15,0.500000,0.500000,0.000000,0,0.000000,0.000000,0.000000,0.000000
9.827916,-25.284828,0.000000,90.000009,3.523328,90.000009,1.000000,15,0.500000,0.500000,0.000000,0,0.000000,0.000000,0.000000,0.000000
9.840203,-25.484446,0.000000,90.000009,3.522674,90.000009,1.000000,15,0.500000,0.500000,0.000000,0,0.000000,0.000000,0.000000,0.000000
9.852498,-25.684069,0.000000,90.000003,3.524180,90.000003,1.000000,15,0.500000,0.500000,0.000000,0,0.000000,0.000000,0.000000,0.000000
9.864785,-25.883690,0.000000,90.000009,3.430707,90.000009,1.000000,15,0.500000,0.500000,0.000000,0,0.000000,0.000000,0.000000,0.000000
9.888068,-26.283012,0.000000,90.000009,3.243189,90.000009,1.000000,15,0.500000,0.500000,0.000000,0,0.000000,0.000000,0.000000,0.000000
9.899056,-26.482708,0.000000,89.999996,3.149631,89.999996,1.000000,15,0.500000,0.500000,0.000000,0,0.000000,0.000000,0.000000,0.000000
9.910050,-26.682407,0.000000,90.000003,3.027886,90.000003,1.000000,15,0.500000,0.500000,0.000000,0,0.000000,0.000000,0.000000,0.000000
9.930329,-27.081890,0.000000,90.000003,2.784692,90.000003,1.000000,15,0.500000,0.500000,0.000000,0,0.000000,0.000000,0.000000,0.000000
9.939618,-27.281677,0.000000,89.999996,2.661608,89.999996,1.000000,15,0.500000,0.500000,0.000000,0,0.000000,0.000000,0.000000,0.000000
9.948907,-27.481464,0.000000,90.000009,2.661919,90.000009,1.000000,15,0.500000,0.500000,0.000000,0,0.000000,0.000000,0.000000,0.000000
9.958196,-27.681246,0.000000,89.999996,2.662446,89.999996,1.000000,15,0.500000,0.500000,0.000000,0,0.000000,0.000000,0.000000,0.000000
9.967481,-27.881023,0.000000,90.000003,2.660919,90.000003,1.000000,15,0.500000,0.500000,0.000000,0,0.000000,0.000000,0.000000,0.000000
9.976769,-28.080811,0.000000,90.000009,2.661919,90.000009,1.000000,15,0.500000,0.500000,0.000000,0,0.000000,0.000000,0.000000,0.000000
9.986058,-28.280594,0.000000,89.999996,2.662446,89.999996,1.000000,15,0.500000,0.500000,0.000000,0,0.000000,0.000000,0.000000,0.000000
9.995347,-28.480377,0.000000,90.000003,3.154617,90.000003,1.000000,15,0.500000,0.500000,0.000000,0,0.000000,0.000000,0.000000,0.000000
10.004638,-28.680164,0.000000,90.000003,3.154617,90.000003,1.000000,15,0.500000,0.500000,0.000000,0,0.000000,0.000000,0.000000,0.000000
10.013925,-28.879951,0.000000,90.000009,2.661919,90.000009,1.000000,15,0.500000,0.500000,0.000000,0,0.000000,0.000000,0.000000,0.000000
10.023213,-29.079731,0.000000,89.999996,2.661673,89.999996,1.000000,15,0.500000,0.500000,0.000000,0,0.000000,0.000000,0.000000,0.000000
10.032504,-29.279518,0.000000,90.000003,3.154617,90.000003,1.000000,15,0.500000,0.500000,0.000000,0,0.000000,0.000000,0.000000,0.000000
10.041791,-29.479303,0.000000,90.000009,2.661919,90.000009,1.000000,15,0.500000,0.500000,0.000000,0,0.000000,0.000000,0.000000,0.000000
10.051080,-29.679089,0.000000,90.000009,2.661919,90.000009,1.000000,15,0.500000,0.500000,0.000000,0,0.000000,0.000000,0.000000,0.000000
10.060370,-29.878872,0.000000,90.000003,3.178510,90.000003,1.000000,15,0.500000,0.500000,0.000000,0,0.000000,0.000000,0.000000,0.000000
10.069657,-30.078655,0.000000,90.000003,2.662216,90.000003,1.000000,15,0.500000,0.500000,0.000000,0,0.000000,0.000000,0.000000,0.000000
10.078946,-30.278440,0.000000,90.000009,2.661379,90.000009,1.000000,15,0.500000,0.500000,0.000000,0,0.000000,0.000000,0.000000,0.000000
10.088233,-30.478222,0.000000,90.000009,2.661919,90.000009,1.000000,15,0.500000,0.500000,0.000000,0,0.000000,0.000000,0.000000,0.000000
10.097522,-30.678009,0.000000,89.999996,2.662446,89.999996,1.000000,15,0.500000,0.500000,0.000000,0,0.000000,0.000000,0.000000,0.000000
10.106812,-30.877798,0.000000,89.999996,2.661608,89.999996,1.000000,15,0.500000,0.500000,0.000000,0,0.000000,0.000000,0.000000,0.000000
10.116099,-31.077581,0.000000,90.000003,3.178510,90.000003,1.000000,15,0.500000,0.500000,0.000000,0,0.000000,0.000000,0.000000,0.000000
10.125390,-31.277363,0.000000,90.000003,2.662216,90.000003,1.000000,15,0.500000,0.500000,0.000000,0,0.000000,0.000000,0.000000,0.000000
10.134675,-31.477140,0.000000,90.000003,2.660919,90.000003,1.000000,15,0.500000,0.500000,0.000000,0,0.000000,0.000000,0.000000,0.000000
10.143964,-31.676929,0.000000,90.000003,2.662148,90.000003,1.000000,15,0.500000,0.500000,0.000000,0,0.000000,0.000000,0.000000,0.000000
10.153230,-31.876165,0.000000,90.000009,2.751053,90.000009,1.000000,15,0.500000,0.500000,0.000000,0,0.000000,0.000000,0.000000,0.000000
10.162517,-32.075951,0.000000,89.999996,2.661148,89.999996,1.000000,15,0.500000,0.500000,0.000000,0,0.000000,0.000000,0.000000,0.000000
10.171802,-32.275734,0.000000,89.999996,2.661608,89.999996,1.000000,15,0.500000,0.500000,0.000000,0,0.000000,0.000000,0.000000,0.000000
10.181094,-32.475510,0.000000,90.000009,2.662521,90.000009,1.000000,15,0.500000,0.500000,0.000000,0,0.000000,0.000000,0.000000,0.000000
10.190383,-32.675301,0.000000,89.999996,2.661608,89.999996,1.000000,15,0.500000,0.500000,0.000000,0,0.000000,0.000000,0.000000,0.000000
10.199670,-32.875084,0.000000,90.000009,2.661919,90.000009,1.000000,15,0.500000,0.500000,0.000000,0,0.000000,0.000000,0.000000,0.000000
10.208959,-33.074867,0.000000,89.999996,2.662446,89.999996,1.000000,15,0.500000,0.500000,0.000000,0,0.000000,0.000000,0.000000,0.000000
10.218251,-33.274658,0.000000,90.000003,2.662179,90.000003,1.000000,15,0.500000,0.500000,0.000000,0,0.000000,0.000000,0.000000,0.000000
10.227534,-33.474434,0.000000,90.000009,2.661406,90.000009,1.000000,15,0.500000,0.500000,0.000000,0,0.000000,0.000000,0.000000,0.000000
10.236823,-33.674217,0.000000,89.999996,2.661673,89.999996,1.000000,15,0.500000,0.500000,0.000000,0,0.000000,0.000000,0.000000,0.000000
10.246116,-33.874001,0.000000,89.999996,2.662446,89.999996,1.000000,15,0.500000,0.500000,0.000000,0,0.000000,0.000000,0.000000,0.000000
10.255399,-34.073788,0.000000,90.000009,2.585706,90.000009,1.000000,15,0.500000,0.500000,0.000000,0,0.000000,0.000000,0.000000,0.000000
10.264691,-34.273567,0.000000,90.000003,2.662753,90.000003,1.000000,15,0.500000,0.500000,0.000000,0,0.000000,0.000000,0.000000,0.000000
10.273980,-34.473354,0.000000,90.000009,2.661652,90.000009,1.000000,15,0.500000,0.500000,0.000000,0,0.000000,0.000000,0.000000,0.000000
10.283265,-34.673138,0.000000,90.000003,2.662179,90.000003,1.000000,15,0.500000,0.500000,0.000000,0,0.000000,0.000000,0.000000,0.000000
10.292554,-34.872925,0.000000,90.000009,2.661652,90.000009,1.000000,15,0.500000,0.500000,0.000000,0,0.000000,0.000000,0.000000,0.000000
10.301845,-35.072708,0.000000,90.000009,2.661919,90.000009,1.000000,15,0.500000,0.500000,0.000000,0,0.000000,0.000000,0.000000,0.000000
10.311131,-35.272491,0.000000,90.000003,2.662179,90.000003,1.000000,15,0.500000,0.500000,0.000000,0,0.000000,0.000000,0.000000,0.000000
10.320422,-35.472275,0.000000,90.000009,2.661919,90.000009,1.000000,15,0.500000,0.500000,0.000000,0,0.000000,0.000000,0.000000,0.000000
10.329711,-35.672066,0.000000,90.000009,2.661919,90.000009,1.000000,15,0.500000,0.500000,0.000000,0,0.000000,0.000000,0.000000,0.000000
10.339002,-35.871838,0.000000,90.000003,2.826883,90.000003,1.000000,15,0.500000,0.500000,0.000000,0,0.000000,0.000000,0.000000,0.000000
10.348287,-36.071625,0.000000,90.000009,2.661379,90.000009,1.000000,15,0.500000,0.500000,0.000000,0,0.000000,0.000000,0.000000,0.000000
10.357575,-36.271408,0.000000,90.000003,3.178510,90.000003,1.000000,15,0.500000,0.500000,0.000000,0,0.000000,0.000000,0.000000,0.000000
10.366864,-36.471191,0.000000,90.000003,2.662216,90.000003,1.000000,15,0.500000,0.500000,0.000000,0,0.000000,0.000000,0.000000,0.000000
10.376155,-36.670975,0.000000,90.000003,2.662179,90.000003,1.000000,15,0.500000,0.500000,0.000000,0,0.000000,0.000000,0.000000,0.000000
10.385442,-36.870758,0.000000,90.000009,2.661652,90.000009,1.000000,15,0.500000,0.500000,0.000000,0,0.000000,0.000000,0.000000,0.000000
10.394732,-37.070534,0.000000,90.000009,2.662521,90.000009,1.000000,15,0.500000,0.500000,0.000000,0,0.000000,0.000000,0.000000,0.000000
10.404019,-37.270317,0.000000,90.000009,2.661652,90.000009,1.000000,15,0.500000,0.500000,0.000000,0,0.000000,0.000000,0.000000,0.000000
10.413306,-37.470108,0.000000,90.000003,2.661338,90.000003,1.000000,15,0.500000,0.500000,0.000000,0,0.000000,0.000000,0.000000,0.000000
10.422595,-37.669888,0.000000,90.000003,2.662216,90.000003,1.000000,15,0.500000,0.500000,0.000000,0,0.000000,0.000000,0.000000,0.000000
10.431888,-37.869675,0.000000,90.000016,2.574921,90.000009,1.000000,15,0.500000,0.500000,0.000000,0,0.000000,0.000000,0.000000,0.000000
10.449260,-38.269291,0.000000,90.000009,2.404336,90.000009,1.000000,15,0.500000,0.500000,0.000000,0,0.000000,0.000000,0.000000,0.000000
10.457349,-38.469131,0.000000,90.000009,2.293763,90.000009,1.000000,15,0.500000,0.500000,0.000000,0,0.000000,0.000000,0.000000,0.000000
10.465259,-38.668976,0.000000,90.000009,2.266281,90.000009,1.000000,15,0.500000,0.500000,0.000000,0,0.000000,0.000000,0.000000,0.000000
10.473165,-38.868816,0.000000,90.000016,1.898917,90.000009,1.000000,15,0.500000,0.500000,0.000000,0,0.000000,0.000000,0.000000,0.000000
10.481076,-39.068665,0.000000,89.999996,2.266305,90.000003,1.000000,15,0.500000,0.500000,0.000000,0,0.000000,0.000000,0.000000,0.000000
10.488984,-39.268509,0.000000,89.999996,2.266305,90.000003,1.000000,15,0.500000,0.500000,0.000000,0,0.000000,0.000000,0.000000,0.000000
10.496894,-39.468357,0.000000,90.000009,2.265784,90.000009,1.000000,15,0.500000,0.500000,0.000000,0,0.000000,0.000000,0.000000,0.000000
10.504804,-39.668205,0.000000,90.000003,2.267103,90.000003,1.000000,15,0.500000,0.500000,0.000000,0,0.000000,0.000000,0.000000,0.000000
10.512708,-39.868046,0.000000,90.000003,2.172697,90.000003,1.000000,15,0.500000,0.500000,0.000000,0,0.000000,0.000000,0.000000,0.000000
10.520619,-40.067886,0.000000,90.000009,2.266870,90.000009,1.000000,15,0.500000,0.500000,0.000000,0,0.000000,0.000000,0.000000,0.000000
10.528525,-40.267731,0.000000,90.000009,2.265534,90.000009,1.000000,15,0.500000,0.500000,0.000000,0,0.000000,0.000000,0.000000,0.000000
10.536437,-40.467579,0.000000,90.000003,2.266819,90.000003,1.000000,15,0.500000,0.500000,0.000000,0,0.000000,0.000000,0.000000,0.000000
10.544347,-40.667427,0.000000,89.999996,2.266305,90.000003,1.000000,15,0.500000,0.500000,0.000000,0,0.000000,0.000000,0.000000,0.000000
10.552249,-40.867264,0.000000,90.000009,2.258743,90.000009,1.000000,15,0.500000,0.500000,0.000000,0,0.000000,0.000000,0.000000,0.000000
10.560161,-41.067112,0.000000,90.000003,1.675471,90.000003,1.000000,15,0.500000,0.500000,0.000000,0,0.000000,0.000000,0.000000,0.000000
10.568072,-41.266956,0.000000,90.000003,2.266569,90.000003,1.000000,15,0.500000,0.500000,0.000000,0,0.000000,0.000000,0.000000,0.000000
10.575976,-41.466801,0.000000,90.000009,2.265534,90.000009,1.000000,15,0.500000,0.500000,0.000000,0,0.000000,0.000000,0.000000,0.000000
10.583888,-41.666645,0.000000,90.000003,2.266569,90.000003,1.000000,15,0.500000,0.500000,0.000000,0,0.000000,0.000000,0.000000,0.000000
10.591796,-41.866489,0.000000,90.000003,2.266062,90.000003,1.000000,15,0.500000,0.500000,0.000000,0,0.000000,0.000000,0.000000,0.000000
10.599692,-42.066055,0.000000,89.999996,2.266277,89.999996,1.000000,15,0.500000,0.500000,0.000000,0,0.000000,0.000000,0.000000,0.000000
10.607600,-42.265892,0.000000,90.000003,2.265561,90.000009,1.000000,15,0.500000,0.500000,0.000000,0,0.000000,0.000000,0.000000,0.000000
10.615510,-42.465740,0.000000,90.000016,2.267084,90.000003,1.000000,15,0.500000,0.500000,0.000000,0,0.000000,0.000000,0.000000,0.000000
10.623420,-42.665585,0.000000,90.000003,2.266062,90.000003,1.000000,15,0.500000,0.500000,0.000000,0,0.000000,0.000000,0.000000,0.000000
10.631326,-42.865433,0.000000,90.000009,2.265784,90.000009,1.000000,15,0.500000,0.500000,0.000000,0,0.000000,0.000000,0.000000,0.000000
10.639234,-43.065269,0.000000,90.000003,2.266091,89.999996,1.000000,15,0.500000,0.500000,0.000000,0,0.000000,0.000000,0.000000,0.000000
10.647145,-43.265114,0.000000,90.000009,2.266843,90.000009,1.000000,15,0.500000,0.500000,0.000000,0,0.000000,0.000000,0.000000,0.000000
10.655051,-43.464958,0.000000,90.000003,2.266062,90.000003,1.000000,15,0.500000,0.500000,0.000000,0,0.000000,0.000000,0.000000,0.000000
10.662959,-43.664803,0.000000,90.000009,2.265784,90.000009,1.000000,15,0.500000,0.500000,0.000000,0,0.000000,0.000000,0.000000,0.000000
10.670869,-43.864651,0.000000,89.999996,2.266305,90.000003,1.000000,15,0.500000,0.500000,0.000000,0,0.000000,0.000000,0.000000,0.000000
10.678781,-44.064499,0.000000,90.000009,2.266843,90.000009,1.000000,15,0.500000,0.500000,0.000000,0,0.000000,0.000000,0.000000,0.000000
10.686688,-44.264343,0.000000,89.999996,2.266305,90.000003,1.000000,15,0.500000,0.500000,0.000000,0,0.000000,0.000000,0.000000,0.000000
10.694596,-44.464184,0.000000,90.000003,2.266091,89.999996,1.000000,15,0.500000,0.500000,0.000000,0,0.000000,0.000000,0.000000,0.000000
10.702504,-44.664032,0.000000,90.000009,2.265784,90.000009,1.000000,15,0.500000,0.500000,0.000000,0,0.000000,0.000000,0.000000,0.000000
10.710416,-44.863876,0.000000,90.000009,2.266843,90.000009,1.000000,15,0.500000,0.500000,0.000000,0,0.000000,0.000000,0.000000,0.000000
10.718324,-45.063713,0.000000,90.000003,2.243498,90.000003,1.000000,15,0.500000,0.500000,0.000000,0,0.000000,0.000000,0.000000,0.000000
10.733846,-45.463425,0.000000,90.000009,2.202515,90.000009,1.000000,15,0.500000,0.500000,0.000000,0,0.000000,0.000000,0.000000,0.000000
10.741464,-45.663277,0.000000,90.000009,2.185316,90.000009,1.000000,15,0.500000,0.500000,0.000000,0,0.000000,0.000000,0.000000,0.000000
10.756587,-46.062984,0.000000,90.000003,2.166641,90.000003,1.000000,15,0.500000,0.500000,0.000000,0,0.000000,0.000000,0.000000,0.000000
10.764098,-46.262852,0.000000,90.000003,2.152554,90.000003,1.000000,15,0.500000,0.500000,0.000000,0,0.000000,0.000000,0.000000,0.000000
10.771605,-46.462715,0.000000,89.999996,1.556071,89.999996,1.000000,15,0.500000,0.500000,0.000000,0,0.000000,0.000000,0.000000,0.000000
10.779113,-46.662579,0.000000,90.000003,1.442429,90.000003,1.000000,15,0.500000,0.500000,0.000000,0,0.000000,0.000000,0.000000,0.000000
10.784236,-47.062412,0.000000,90.000016,0.025861,90.000009,1.000000,15,0.500000,0.500000,0.000000,0,0.000000,0.000000,0.000000,0.000000
10.781854,-47.262402,0.000000,90.000003,-0.682402,90.000003,1.000000,15,0.500000,0.500000,0.000000,0,0.000000,0.000000,0.000000,0.000000
10.779469,-47.462376,0.000000,90.000016,-0.682528,90.000016,1.000000,15,0.500000,0.500000,0.000000,0,0.000000,0.000000,0.000000,0.000000
10.777087,-47.662376,0.000000,90.000009,-0.682863,90.000009,1.000000,15,0.500000,0.500000,0.000000,0,0.000000,0.000000,0.000000,0.000000
10.774705,-47.862366,0.000000,90.000009,-0.682931,90.000009,1.000000,15,0.500000,0.500000,0.000000,0,0.000000,0.000000,0.000000,0.000000
10.772321,-48.062344,0.000000,89.999996,-0.681946,89.999996,1.000000,15,0.500000,0.500000,0.000000,0,0.000000,0.000000,0.000000,0.000000
10.769940,-48.262318,0.000000,90.000003,-0.673964,90.000003,1.000000,15,0.500000,0.500000,0.000000,0,0.000000,0.000000,0.000000,0.000000
10.767556,-48.462315,0.000000,90.000009,-0.682863,90.000009,1.000000,15,0.500000,0.500000,0.000000,0,0.000000,0.000000,0.000000,0.000000
10.765172,-48.662304,0.000000,90.000009,-0.682931,90.000009,1.000000,15,0.500000,0.500000,0.000000,0,0.000000,0.000000,0.000000,0.000000
10.762792,-48.862289,0.000000,89.999996,-0.800926,89.999996,1.000000,15,0.500000,0.500000,0.000000,0,0.000000,0.000000,0.000000,0.000000
10.760407,-49.062260,0.000000,90.000009,-0.683054,90.000003,1.000000,15,0.500000,0.500000,0.000000,0,0.000000,0.000000,0.000000,0.000000
10.758027,-49.262257,0.000000,89.999996,-0.682081,89.999996,1.000000,15,0.500000,0.500000,0.000000,0,0.000000,0.000000,0.000000,0.000000
10.755643,-49.462246,0.000000,90.000009,-0.682931,90.000009,1.000000,15,0.500000,0.500000,0.000000,0,0.000000,0.000000,0.000000,0.000000
10.753261,-49.662228,0.000000,90.000009,-0.682740,90.000009,1.000000,15,0.500000,0.500000,0.000000,0,0.000000,0.000000,0.000000,0.000000
10.751092,-49.844189,0.000000,90.000016,-0.682907,90.000016,1.000000,15,0.500000,0.500000,0.000000,0,0.000000,0.000000,0.000000,0.000000
10.748708,-50.044170,0.000000,90.000003,-0.682470,90.000003,1.000000,15,0.500000,0.500000,0.000000,0,0.000000,0.000000,0.000000,0.000000
10.746329,-50.244171,0.000000,90.000009,-0.667463,90.000009,1.000000,15,0.500000,0.500000,0.000000,0,0.000000,0.000000,0.000000,0.000000
10.743947,-50.444160,0.000000,90.000003,-0.515736,90.000003,1.000000,15,0.500000,0.500000,0.000000,0,0.000000,0.000000,0.000000,0.000000
10.741565,-50.644138,0.000000,89.999996,-0.681946,89.999996,1.000000,15,0.500000,0.500000,0.000000,0,0.000000,0.000000,0.000000,0.000000
10.739181,-50.844120,0.000000,90.000009,-0.682994,90.000009,1.000000,15,0.500000,0.500000,0.000000,0,0.000000,0.000000,0.000000,0.000000
10.736796,-51.044109,0.000000,90.000003,-0.683452,90.000003,1.000000,15,0.500000,0.500000,0.000000,0,0.000000,0.000000,0.000000,0.000000
10.734414,-51.244099,0.000000,89.999989,-0.681879,89.999996,1.000000,15,0.500000,0.500000,0.000000,0,0.000000,0.000000,0.000000,0.000000
10.732030,-51.444084,0.000000,90.000003,-0.683520,90.000003,1.000000,15,0.500000,0.500000,0.000000,0,0.000000,0.000000,0.000000,0.000000
10.729650,-51.644062,0.000000,90.000003,-0.682212,90.000003,1.000000,15,0.500000,0.500000,0.000000,0,0.000000,0.000000,0.000000,0.000000
10.727265,-51.844051,0.000000,90.000009,-0.682675,90.000009,1.000000,15,0.500000,0.500000,0.000000,0,0.000000,0.000000,0.000000,0.000000
10.724885,-52.044041,0.000000,90.000003,-0.682140,90.000003,1.000000,15,0.500000,0.500000,0.000000,0,0.000000,0.000000,0.000000,0.000000
10.722499,-52.244026,0.000000,90.000003,-0.683520,90.000003,1.000000,15,0.500000,0.500000,0.000000,0,0.000000,0.000000,0.000000,0.000000
10.720120,-52.444008,0.000000,89.999996,-0.730701,89.999996,1.000000,15,0.500000,0.500000,0.000000,0,0.000000,0.000000,0.000000,0.000000
10.714650,-52.843967,0.000000,90.000003,-0.833936,90.000003,1.000000,15,0.500000,0.500000,0.000000,0,0.000000,0.000000,0.000000,0.000000
10.711566,-53.043949,0.000000,90.000003,-0.883395,90.000003,1.000000,15,0.500000,0.500000,0.000000,0,0.000000,0.000000,0.000000,0.000000
10.708480,-53.243916,0.000000,90.000009,-0.884526,90.000009,1.000000,15,0.500000,0.500000,0.000000,0,0.000000,0.000000,0.000000,0.000000
10.705398,-53.443901,0.000000,90.000009,-0.843082,90.000009,1.000000,15,0.500000,0.500000,0.000000,0,0.000000,0.000000,0.000000,0.000000
10.702313,-53.643879,0.000000,90.000003,-0.883131,90.000003,1.000000,15,0.500000,0.500000,0.000000,0,0.000000,0.000000,0.000000,0.000000
10.699229,-53.843853,0.000000,90.000016,-0.884005,90.000016,1.000000,15,0.500000,0.500000,0.000000,0,0.000000,0.000000,0.000000,0.000000
10.696151,-54.043839,0.000000,89.999996,-0.882277,89.999996,1.000000,15,0.500000,0.500000,0.000000,0,0.000000,0.000000,0.000000,0.000000
10.693067,-54.243820,0.000000,90.000003,-0.883662,90.000003,1.000000,15,0.500000,0.500000,0.000000,0,0.000000,0.000000,0.000000,0.000000
10.689981,-54.443802,0.000000,90.000003,-0.883131,90.000003,1.000000,15,0.500000,0.500000,0.000000,0,0.000000,0.000000,0.000000,0.000000
10.686896,-54.643768,0.000000,89.999996,-0.883739,89.999996,1.000000,15,0.500000,0.500000,0.000000,0,0.000000,0.000000,0.000000,0.000000
10.683812,-54.843739,0.000000,90.000003,-0.883477,90.000003,1.000000,15,0.500000,0.500000,0.000000,0,0.000000,0.000000,0.000000,0.000000
10.680730,-55.043724,0.000000,90.000003,-0.883662,90.000003,1.000000,15,0.500000,0.500000,0.000000,0,0.000000,0.000000,0.000000,0.000000
10.677644,-55.243702,0.000000,90.000003,-0.883662,90.000003,1.000000,15,0.500000,0.500000,0.000000,0,0.000000,0.000000,0.000000,0.000000
10.674563,-55.443680,0.000000,90.000009,-0.843082,90.000009,1.000000,15,0.500000,0.500000,0.000000,0,0.000000,0.000000,0.000000,0.000000
10.671479,-55.643658,0.000000,90.000003,-0.882878,90.000003,1.000000,15,0.500000,0.500000,0.000000,0,0.000000,0.000000,0.000000,0.000000
10.668397,-55.843643,0.000000,90.000003,-0.883662,90.000003,1.000000,15,0.500000,0.500000,0.000000,0,0.000000,0.000000,0.000000,0.000000
10.665313,-56.043625,0.000000,90.000009,-0.795061,90.000009,1.000000,15,0.500000,0.500000,0.000000,0,0.000000,0.000000,0.000000,0.000000
10.662230,-56.243591,0.000000,90.000016,-0.767181,90.000016,1.000000,15,0.500000,0.500000,0.000000,0,0.000000,0.000000,0.000000,0.000000
10.659148,-56.443573,0.000000,89.999996,-0.882970,89.999996,1.000000,15,0.500000,0.500000,0.000000,0,0.000000,0.000000,0.000000,0.000000
10.656060,-56.643547,0.000000,89.999996,-0.882970,89.999996,1.000000,15,0.500000,0.500000,0.000000,0,0.000000,0.000000,0.000000,0.000000
10.652978,-56.843525,0.000000,90.000003,-0.883395,90.000003,1.000000,15,0.500000,0.500000,0.000000,0,0.000000,0.000000,0.000000,0.000000
10.649898,-57.043499,0.000000,90.000009,-0.882089,90.000009,1.000000,15,0.500000,0.500000,0.000000,0,0.000000,0.000000,0.000000,0.000000
10.646811,-57.243488,0.000000,90.000009,-1.028984,90.000009,1.000000,15,0.500000,0.500000,0.000000,0,0.000000,0.000000,0.000000,0.000000
10.643731,-57.443466,0.000000,90.000003,-0.883209,90.000003,1.000000,15,0.500000,0.500000,0.000000,0,0.000000,0.000000,0.000000,0.000000
10.640649,-57.643440,0.000000,90.000003,-0.882878,90.000003,1.000000,15,0.500000,0.500000,0.000000,0,0.000000,0.000000,0.000000,0.000000
10.637563,-57.843430,0.000000,90.000016,-0.884118,90.000016,1.000000,15,0.500000,0.500000,0.000000,0,0.000000,0.000000,0.000000,0.000000
10.634477,-58.043392,0.000000,90.000009,-0.883549,90.000009,1.000000,15,0.500000,0.500000,0.000000,0,0.000000,0.000000,0.000000,0.000000
10.631394,-58.243370,0.000000,90.000003,-0.883209,90.000003,1.000000,15,0.500000,0.500000,0.000000,0,0.000000,0.000000,0.000000,0.000000
10.628310,-58.443352,0.000000,90.000003,-0.883662,90.000003,1.000000,15,0.500000,0.500000,0.000000,0,0.000000,0.000000,0.000000,0.000000
10.625226,-58.643341,0.000000,90.000009,-0.724748,90.000009,1.000000,15,0.500000,0.500000,0.000000,0,0.000000,0.000000,0.000000,0.000000
10.622148,-58.843311,0.000000,90.000003,-0.882432,90.000003,1.000000,15,0.500000,0.500000,0.000000,0,0.000000,0.000000,0.000000,0.000000
10.619061,-59.043285,0.000000,90.000003,-0.900475,90.000003,1.000000,15,0.500000,0.500000,0.000000,0,0.000000,0.000000,0.000000,0.000000
10.615977,-59.243267,0.000000,90.000009,-1.313856,90.000009,1.000000,15,0.500000,0.500000,0.000000,0,0.000000,0.000000,0.000000,0.000000
10.612893,-59.443249,0.000000,90.000009,-0.883327,90.000009,1.000000,15,0.500000,0.500000,0.000000,0,0.000000,0.000000,0.000000,0.000000
10.609811,-59.643219,0.000000,90.000009,-0.883549,90.000009,1.000000,15,0.500000,0.500000,0.000000,0,0.000000,0.000000,0.000000,0.000000
10.606725,-59.843193,0.000000,90.000003,1.293037,90.000003,1.000000,15,0.500000,0.500000,0.000000,0,0.000000,0.000000,0.000000,0.000000
10.603641,-60.043171,0.000000,90.000003,-0.883662,90.000003,1.000000,15,0.500000,0.500000,0.000000,0,0.000000,0.000000,0.000000,0.000000
10.600560,-60.243172,0.000000,90.000009,-0.882123,90.000009,1.000000,15,0.500000,0.500000,0.000000,0,0.000000,0.000000,0.000000,0.000000
10.597474,-60.443138,0.000000,90.000003,-0.884073,90.000003,1.000000,15,0.500000,0.500000,0.000000,0,0.000000,0.000000,0.000000,0.000000
10.594394,-60.643108,0.000000,90.000009,-0.795061,90.000009,1.000000,15,0.500000,0.500000,0.000000,0,0.000000,0.000000,0.000000,0.000000
10.591310,-60.843086,0.000000,90.000003,-0.883662,90.000003,1.000000,15,0.500000,0.500000,0.000000,0,0.000000,0.000000,0.000000,0.000000
10.588223,-61.043072,0.000000,90.000016,-0.255115,90.000009,1.000000,15,0.500000,0.500000,0.000000,0,0.000000,0.000000,0.000000,0.000000
10.585141,-61.243050,0.000000,90.000003,-0.883477,90.000003,1.000000,15,0.500000,0.500000,0.000000,0,0.000000,0.000000,0.000000,0.000000
10.582055,-61.443012,0.000000,90.000003,-0.900475,90.000003,1.000000,15,0.500000,0.500000,0.000000,0,0.000000,0.000000,0.000000,0.000000
10.578977,-61.642990,0.000000,90.000009,-0.615847,90.000009,1.000000,15,0.500000,0.500000,0.000000,0,0.000000,0.000000,0.000000,0.000000
10.575891,-61.842995,0.000000,90.000003,-0.883178,90.000003,1.000000,15,0.500000,0.500000,0.000000,0,0.000000,0.000000,0.000000,0.000000
10.572808,-62.042961,0.000000,90.000003,-0.883281,90.000003,1.000000,15,0.500000,0.500000,0.000000,0,0.000000,0.000000,0.000000,0.000000
10.569726,-62.242935,0.000000,90.000009,-0.795061,90.000009,1.000000,15,0.500000,0.500000,0.000000,0,0.000000,0.000000,0.000000,0.000000
10.566638,-62.442909,0.000000,90.000003,-0.884191,90.000003,1.000000,15,0.500000,0.500000,0.000000,0,0.000000,0.000000,0.000000,0.000000
10.563558,-62.642899,0.000000,90.000003,-0.883066,90.000003,1.000000,15,0.500000,0.500000,0.000000,0,0.000000,0.000000,0.000000,0.000000
10.560472,-62.842873,0.000000,89.999996,-0.883739,89.999996,1.000000,15,0.500000,0.500000,0.000000,0,0.000000,0.000000,0.000000,0.000000
10.557385,-63.042835,0.000000,90.000003,-0.884073,90.000003,1.000000,15,0.500000,0.500000,0.000000,0,0.000000,0.000000,0.000000,0.000000
10.554303,-63.242813,0.000000,90.000003,-0.883131,90.000003,1.000000,15,0.500000,0.500000,0.000000,0,0.000000,0.000000,0.000000,0.000000
10.551225,-63.442814,0.000000,90.000016,-0.881872,90.000016,1.000000,15,0.500000,0.500000,0.000000,0,0.000000,0.000000,0.000000,0.000000
10.548139,-63.642799,0.000000,90.000003,-0.884191,90.000003,1.000000,15,0.500000,0.500000,0.000000,0,0.000000,0.000000,0.000000,0.000000
10.545058,-63.842770,0.000000,90.000003,-0.882432,90.000003,1.000000,15,0.500000,0.500000,0.000000,0,0.000000,0.000000,0.000000,0.000000
10.541968,-64.042732,0.000000,90.000003,-0.873641,90.000003,1.000000,15,0.500000,0.500000,0.000000,0,0.000000,0.000000,0.000000,0.000000
10.538890,-64.242722,0.000000,90.000016,-0.882012,90.000009,1.000000,15,0.500000,0.500000,0.000000,0,0.000000,0.000000,0.000000,0.000000
10.535806,-64.442703,0.000000,90.000016,-0.761109,90.000016,1.000000,15,0.500000,0.500000,0.000000,0,0.000000,0.000000,0.000000,0.000000
10.532720,-64.642670,0.000000,90.000003,-0.884603,90.000003,1.000000,15,0.500000,0.500000,0.000000,0,0.000000,0.000000,0.000000,0.000000
10.529634,-64.842636,0.000000,90.000009,-0.884259,90.000009,1.000000,15,0.500000,0.500000,0.000000,0,0.000000,0.000000,0.000000,0.000000
10.526555,-65.042633,0.000000,89.999996,-0.881609,89.999996,1.000000,15,0.500000,0.500000,0.000000,0,0.000000,0.000000,0.000000,0.000000
10.523473,-65.242615,0.000000,90.000003,-0.882878,90.000003,1.000000,15,0.500000,0.500000,0.000000,0,0.000000,0.000000,0.000000,0.000000
10.520387,-65.442581,0.000000,90.000003,-0.884338,90.000003,1.000000,15,0.500000,0.500000,0.000000,0,0.000000,0.000000,0.000000,0.000000
10.517301,-65.642555,0.000000,89.999996,-0.883739,89.999996,1.000000,15,0.500000,0.500000,0.000000,0,0.000000,0.000000,0.000000,0.000000
10.514218,-65.842529,0.000000,90.000003,-0.883395,90.000003,1.000000,15,0.500000,0.500000,0.000000,0,0.000000,0.000000,0.000000,0.000000
10.511132,-66.042519,0.000000,90.000003,-0.884191,90.000003,1.000000,15,0.500000,0.500000,0.000000,0,0.000000,0.000000,0.000000,0.000000
10.508048,-66.242493,0.000000,90.000003,-0.883131,90.000003,1.000000,15,0.500000,0.500000,0.000000,0,0.000000,0.000000,0.000000,0.000000
10.504973,-66.442467,0.000000,90.000016,-0.881628,90.000009,1.000000,15,0.500000,0.500000,0.000000,0,0.000000,0.000000,0.000000,0.000000
10.501891,-66.642464,0.000000,90.000009,-0.882733,90.000009,1.000000,15,0.500000,0.500000,0.000000,0,0.000000,0.000000,0.000000,0.000000
10.498803,-66.842445,0.000000,90.000003,-0.884968,90.000003,1.000000,15,0.500000,0.500000,0.000000,0,0.000000,0.000000,0.000000,0.000000
10.495721,-67.042404,0.000000,90.000016,-0.882495,90.000009,1.000000,15,0.500000,0.500000,0.000000,0,0.000000,0.000000,0.000000,0.000000
10.492635,-67.242371,0.000000,90.000009,-0.884259,90.000009,1.000000,15,0.500000,0.500000,0.000000,0,0.000000,0.000000,0.000000,0.000000
10.489549,-67.442352,0.000000,90.000003,-0.884191,90.000003,1.000000,15,0.500000,0.500000,0.000000,0,0.000000,0.000000,0.000000,0.000000
10.486468,-67.642342,0.000000,90.000009,-1.058000,90.000009,1.000000,15,0.500000,0.500000,0.000000,0,0.000000,0.000000,0.000000,0.000000
10.483386,-67.842323,0.000000,90.000003,-0.883066,90.000003,1.000000,15,0.500000,0.500000,0.000000,0,0.000000,0.000000,0.000000,0.000000
10.480298,-68.042297,0.000000,90.000009,-0.884526,90.000009,1.000000,15,0.500000,0.500000,0.000000,0,0.000000,0.000000,0.000000,0.000000
10.477218,-68.242279,0.000000,90.000003,-0.882623,90.000003,1.000000,15,0.500000,0.500000,0.000000,0,0.000000,0.000000,0.000000,0.000000
10.474133,-68.442268,0.000000,90.000009,-0.883593,90.000009,1.000000,15,0.500000,0.500000,0.000000,0,0.000000,0.000000,0.000000,0.000000
10.471051,-68.642235,0.000000,90.000003,-0.883209,90.000003,1.000000,15,0.500000,0.500000,0.000000,0,0.000000,0.000000,0.000000,0.000000
10.467963,-68.842201,0.000000,90.000016,-0.761109,90.000016,1.000000,15,0.500000,0.500000,0.000000,0,0.000000,0.000000,0.000000,0.000000
10.464879,-69.042175,0.000000,90.000003,-0.883131,90.000003,1.000000,15,0.500000,0.500000,0.000000,0,0.000000,0.000000,0.000000,0.000000
10.461797,-69.242172,0.000000,90.000016,-0.882808,90.000016,1.000000,15,0.500000,0.500000,0.000000,0,0.000000,0.000000,0.000000,0.000000
10.458713,-69.442131,0.000000,90.000003,-0.884073,90.000003,1.000000,15,0.500000,0.500000,0.000000,0,0.000000,0.000000,0.000000,0.000000
10.455630,-69.642120,0.000000,90.000003,-0.662108,90.000003,1.000000,15,0.500000,0.500000,0.000000,0,0.000000,0.000000,0.000000,0.000000
10.452550,-69.842102,0.000000,90.000003,-0.882623,90.000003,1.000000,15,0.500000,0.500000,0.000000,0,0.000000,0.000000,0.000000,0.000000
10.449468,-70.042091,0.000000,90.000009,-0.883593,90.000009,1.000000,15,0.500000,0.500000,0.000000,0,0.000000,0.000000,0.000000,0.000000
10.446385,-70.242058,0.000000,90.000003,-0.883209,90.000003,1.000000,15,0.500000,0.500000,0.000000,0,0.000000,0.000000,0.000000,0.000000
10.443301,-70.442032,0.000000,90.000009,-0.882953,90.000009,1.000000,15,0.500000,0.500000,0.000000,0,0.000000,0.000000,0.000000,0.000000
10.440215,-70.642006,0.000000,90.000009,-0.884259,90.000009,1.000000,15,0.500000,0.500000,0.000000,0,0.000000,0.000000,0.000000,0.000000
10.437127,-70.841995,0.000000,90.000009,-0.884386,90.000009,1.000000,15,0.500000,0.500000,0.000000,0,0.000000,0.000000,0.000000,0.000000
10.434049,-71.041969,0.000000,90.000009,-0.882089,90.000009,1.000000,15,0.500000,0.500000,0.000000,0,0.000000,0.000000,0.000000,0.000000
10.430966,-71.241959,0.000000,90.000003,-0.945397,90.000003,1.000000,15,0.500000,0.500000,0.000000,0,0.000000,0.000000,0.000000,0.000000
10.427882,-71.441925,0.000000,90.000016,-0.883810,90.000016,1.000000,15,0.500000,0.500000,0.000000,0,0.000000,0.000000,0.000000,0.000000
10.424796,-71.641907,0.000000,90.000016,-0.884118,90.000016,1.000000,15,0.500000,0.500000,0.000000,0,0.000000,0.000000,0.000000,0.000000
10.421714,-71.841888,0.000000,90.000003,-0.882878,90.000003,1.000000,15,0.500000,0.500000,0.000000,0,0.000000,0.000000,0.000000,0.000000
10.418630,-72.041855,0.000000,90.000003,-0.883865,90.000003,1.000000,15,0.500000,0.500000,0.000000,0,0.000000,0.000000,0.000000,0.000000
10.415544,-72.241829,0.000000,90.000009,-0.884208,90.000009,1.000000,15,0.500000,0.500000,0.000000,0,0.000000,0.000000,0.000000,0.000000
10.412463,-72.441818,0.000000,90.000009,-0.882418,90.000009,1.000000,15,0.500000,0.500000,0.000000,0,0.000000,0.000000,0.000000,0.000000
10.409381,-72.641800,0.000000,90.000009,-0.883199,90.000009,1.000000,15,0.500000,0.500000,0.000000,0,0.000000,0.000000,0.000000,0.000000
10.406297,-72.841774,0.000000,90.000003,-0.883610,90.000003,1.000000,15,0.500000,0.500000,0.000000,0,0.000000,0.000000,0.000000,0.000000
10.403213,-73.041748,0.000000,90.000009,-0.882953,90.000009,1.000000,15,0.500000,0.500000,0.000000,0,0.000000,0.000000,0.000000,0.000000
10.400128,-73.241730,0.000000,90.000009,-0.883981,90.000009,1.000000,15,0.500000,0.500000,0.000000,0,0.000000,0.000000,0.000000,0.000000
10.397042,-73.441711,0.000000,89.999989,-0.883800,89.999989,1.000000,15,0.500000,0.500000,0.000000,0,0.000000,0.000000,0.000000,0.000000
10.393960,-73.641678,0.000000,90.000003,-0.900475,90.000003,1.000000,15,0.500000,0.500000,0.000000,0,0.000000,0.000000,0.000000,0.000000
10.390876,-73.841652,0.000000,90.000003,-0.662108,90.000003,1.000000,15,0.500000,0.500000,0.000000,0,0.000000,0.000000,0.000000,0.000000
10.387792,-74.041626,0.000000,90.000003,-0.962304,90.000003,1.000000,15,0.500000,0.500000,0.000000,0,0.000000,0.000000,0.000000,0.000000
10.384709,-74.241623,0.000000,90.000003,-1.079543,90.000003,1.000000,15,0.500000,0.500000,0.000000,0,0.000000,0.000000,0.000000,0.000000
10.381627,-74.441605,0.000000,90.000009,-0.883271,90.000009,1.000000,15,0.500000,0.500000,0.000000,0,0.000000,0.000000,0.000000,0.000000
10.378425,-74.649277,0.000000,90.000003,-0.883511,90.000003,1.000000,15,0.500000,0.500000,0.000000,0,0.000000,0.000000,0.000000,0.000000
10.375346,-74.849266,0.000000,90.000003,-0.867863,90.000003,1.000000,15,0.500000,0.500000,0.000000,0,0.000000,0.000000,0.000000,0.000000
10.372258,-75.049240,0.000000,89.999996,-0.884924,89.999996,1.000000,15,0.500000,0.500000,0.000000,0,0.000000,0.000000,0.000000,0.000000
10.369172,-75.249207,0.000000,89.999996,-0.883739,89.999996,1.000000,15,0.500000,0.500000,0.000000,0,0.000000,0.000000,0.000000,0.000000
10.366092,-75.449188,0.000000,89.999996,-0.882489,90.000003,1.000000,15,0.500000,0.500000,0.000000,0,0.000000,0.000000,0.000000,0.000000
10.363004,-75.649170,0.000000,90.000016,-0.884324,90.000016,1.000000,15,0.500000,0.500000,0.000000,0,0.000000,0.000000,0.000000,0.000000
10.359920,-75.849152,0.000000,90.000003,-0.883525,90.000003,1.000000,15,0.500000,0.500000,0.000000,0,0.000000,0.000000,0.000000,0.000000
10.356843,-76.049133,0.000000,90.000016,-0.881887,90.000009,1.000000,15,0.500000,0.500000,0.000000,0,0.000000,0.000000,0.000000,0.000000
10.353753,-76.249100,0.000000,90.000003,-0.927698,90.000003,1.000000,15,0.500000,0.500000,0.000000,0,0.000000,0.000000,0.000000,0.000000
10.350675,-76.449081,0.000000,90.000009,-0.955145,90.000009,1.000000,15,0.500000,0.500000,0.000000,0,0.000000,0.000000,0.000000,0.000000
10.347585,-76.649063,0.000000,90.000003,-0.905941,90.000003,1.000000,15,0.500000,0.500000,0.000000,0,0.000000,0.000000,0.000000,0.000000
10.344506,-76.849045,0.000000,90.000003,-0.945397,90.000003,1.000000,15,0.500000,0.500000,0.000000,0,0.000000,0.000000,0.000000,0.000000
10.341422,-77.049011,0.000000,90.000003,-0.883723,90.000003,1.000000,15,0.500000,0.500000,0.000000,0,0.000000,0.000000,0.000000,0.000000
10.338336,-77.248993,0.000000,90.000003,-0.884056,90.000003,1.000000,15,0.500000,0.500000,0.000000,0,0.000000,0.000000,0.000000,0.000000
10.335250,-77.448975,0.000000,89.999989,-0.883800,89.999989,1.000000,15,0.500000,0.500000,0.000000,0,0.000000,0.000000,0.000000,0.000000
10.332170,-77.648941,0.000000,90.000009,-0.882352,90.000009,1.000000,15,0.500000,0.500000,0.000000,0,0.000000,0.000000,0.000000,0.000000
10.329091,-77.848938,0.000000,90.000003,-0.882606,90.000003,1.000000,15,0.500000,0.500000,0.000000,0,0.000000,0.000000,0.000000,0.000000
10.325999,-78.048904,0.000000,90.000003,-0.929100,90.000003,1.000000,15,0.500000,0.500000,0.000000,0,0.000000,0.000000,0.000000,0.000000
10.322923,-78.248886,0.000000,90.000009,-0.922676,90.000009,1.000000,15,0.500000,0.500000,0.000000,0,0.000000,0.000000,0.000000,0.000000
10.319835,-78.448868,0.000000,90.000016,-0.884324,90.000016,1.000000,15,0.500000,0.500000,0.000000,0,0.000000,0.000000,0.000000,0.000000
10.316747,-78.648834,0.000000,90.000009,-0.884208,90.000009,1.000000,15,0.500000,0.500000,0.000000,0,0.000000,0.000000,0.000000,0.000000
10.313664,-78.848801,0.000000,90.000016,-0.883001,90.000016,1.000000,15,0.500000,0.500000,0.000000,0,0.000000,0.000000,0.000000,0.000000
10.310584,-79.048790,0.000000,90.000003,-0.882878,90.000003,1.000000,15,0.500000,0.500000,0.000000,0,0.000000,0.000000,0.000000,0.000000
10.307500,-79.248779,0.000000,90.000003,0.963756,90.000003,1.000000,15,0.500000,0.500000,0.000000,0,0.000000,0.000000,0.000000,0.000000
10.304420,-79.448746,0.000000,90.000009,-1.028984,90.000009,1.000000,15,0.500000,0.500000,0.000000,0,0.000000,0.000000,0.000000,0.000000
10.301333,-79.648727,0.000000,89.999989,-0.883800,89.999989,1.000000,15,0.500000,0.500000,0.000000,0,0.000000,0.000000,0.000000,0.000000
10.298251,-79.848709,0.000000,90.000003,-0.883525,90.000003,1.000000,15,0.500000,0.500000,0.000000,0,0.000000,0.000000,0.000000,0.000000
10.295165,-80.048691,0.000000,90.000003,-0.883525,90.000003,1.000000,15,0.500000,0.500000,0.000000,0,0.000000,0.000000,0.000000,0.000000
10.292087,-80.248672,0.000000,90.000016,-0.833452,90.000016,1.000000,15,0.500000,0.500000,0.000000,0,0.000000,0.000000,0.000000,0.000000
10.288999,-80.448631,0.000000,89.999996,-0.805168,90.000003,1.000000,15,0.500000,0.500000,0.000000,0,0.000000,0.000000,0.000000,0.000000
10.285914,-80.648628,0.000000,90.000009,-0.883385,90.000009,1.000000,15,0.500000,0.500000,0.000000,0,0.000000,0.000000,0.000000,0.000000
10.282834,-80.848602,0.000000,89.999996,-0.882489,90.000003,1.000000,15,0.500000,0.500000,0.000000,0,0.000000,0.000000,0.000000,0.000000
10.279748,-81.048584,0.000000,89.999989,-0.883800,89.999989,1.000000,15,0.500000,0.500000,0.000000,0,0.000000,0.000000,0.000000,0.000000
10.276666,-81.248550,0.000000,90.000009,-0.883682,90.000009,1.000000,15,0.500000,0.500000,0.000000,0,0.000000,0.000000,0.000000,0.000000
10.273580,-81.448532,0.000000,90.000016,-0.883925,90.000009,1.000000,15,0.500000,0.500000,0.000000,0,0.000000,0.000000,0.000000,0.000000
10.270497,-81.648514,0.000000,90.000016,-0.883001,90.000016,1.000000,15,0.500000,0.500000,0.000000,0,0.000000,0.000000,0.000000,0.000000
10.267411,-81.848473,0.000000,90.000009,-1.086087,90.000009,1.000000,15,0.500000,0.500000,0.000000,0,0.000000,0.000000,0.000000,0.000000
10.264325,-82.048454,0.000000,90.000016,-0.884324,90.000016,1.000000,15,0.500000,0.500000,0.000000,0,0.000000,0.000000,0.000000,0.000000
10.261241,-82.248413,0.000000,90.000009,-0.883682,90.000009,1.000000,15,0.500000,0.500000,0.000000,0,0.000000,0.000000,0.000000,0.000000
10.258164,-82.448418,0.000000,90.000003,-0.881544,90.000003,1.000000,15,0.500000,0.500000,0.000000,0,0.000000,0.000000,0.000000,0.000000
10.255078,-82.648376,0.000000,90.000003,-0.945397,90.000003,1.000000,15,0.500000,0.500000,0.000000,0,0.000000,0.000000,0.000000,0.000000
10.252000,-82.848351,0.000000,90.000003,-0.882215,90.000003,1.000000,15,0.500000,0.500000,0.000000,0,0.000000,0.000000,0.000000,0.000000
10.248918,-83.048347,0.000000,90.000009,-0.870440,90.000009,1.000000,15,0.500000,0.500000,0.000000,0,0.000000,0.000000,0.000000,0.000000
10.245824,-83.248306,0.000000,90.000003,-0.924930,90.000003,1.000000,15,0.500000,0.500000,0.000000,0,0.000000,0.000000,0.000000,0.000000
10.242742,-83.448265,0.000000,90.000003,-0.883148,90.000003,1.000000,15,0.500000,0.500000,0.000000,0,0.000000,0.000000,0.000000,0.000000
10.239659,-83.648239,0.000000,90.000016,-0.883001,90.000016,1.000000,15,0.500000,0.500000,0.000000,0,0.000000,0.000000,0.000000,0.000000
10.236581,-83.848228,0.000000,90.000003,-0.882215,90.000003,1.000000,15,0.500000,0.500000,0.000000,0,0.000000,0.000000,0.000000,0.000000
10.233495,-84.048203,0.000000,90.000016,-0.883925,90.000009,1.000000,15,0.500000,0.500000,0.000000,0,0.000000,0.000000,0.000000,0.000000
10.230409,-84.248161,0.000000,90.000009,-0.884208,90.000009,1.000000,15,0.500000,0.500000,0.000000,0,0.000000,0.000000,0.000000,0.000000
10.227330,-84.448158,0.000000,90.000003,-0.867863,90.000003,1.000000,15,0.500000,0.500000,0.000000,0,0.000000,0.000000,0.000000,0.000000
10.224240,-84.648117,0.000000,90.000009,-0.885253,90.000009,1.000000,15,0.500000,0.500000,0.000000,0,0.000000,0.000000,0.000000,0.000000
10.221158,-84.848091,0.000000,90.000003,-0.882215,90.000003,1.000000,15,0.500000,0.500000,0.000000,0,0.000000,0.000000,0.000000,0.000000
10.218074,-85.048058,0.000000,90.000009,-0.884208,90.000009,1.000000,15,0.500000,0.500000,0.000000,0,0.000000,0.000000,0.000000,0.000000
10.214995,-85.248055,0.000000,90.000009,-0.881937,90.000009,1.000000,15,0.500000,0.500000,0.000000,0,0.000000,0.000000,0.000000,0.000000
10.211907,-85.448013,0.000000,89.999996,-0.890156,89.999996,1.000000,15,0.500000,0.500000,0.000000,0,0.000000,0.000000,0.000000,0.000000
10.208829,-85.647995,0.000000,89.999996,-0.890156,89.999996,1.000000,15,0.500000,0.500000,0.000000,0,0.000000,0.000000,0.000000,0.000000
10.205743,-85.847961,0.000000,90.000009,-0.884208,90.000009,1.000000,15,0.500000,0.500000,0.000000,0,0.000000,0.000000,0.000000,0.000000
10.202659,-86.047943,0.000000,90.000009,-0.843082,90.000009,1.000000,15,0.500000,0.500000,0.000000,0,0.000000,0.000000,0.000000,0.000000
10.199573,-86.247917,0.000000,90.000003,-0.884056,90.000003,1.000000,15,0.500000,0.500000,0.000000,0,0.000000,0.000000,0.000000,0.000000
10.196494,-86.447899,0.000000,90.000003,-0.882215,90.000003,1.000000,15,0.500000,0.500000,0.000000,0,0.000000,0.000000,0.000000,0.000000
10.193402,-86.647850,0.000000,90.000003,-0.893150,90.000003,1.000000,15,0.500000,0.500000,0.000000,0,0.000000,0.000000,0.000000,0.000000
10.190328,-86.847839,0.000000,89.999996,-0.852736,89.999996,1.000000,15,0.500000,0.500000,0.000000,0,0.000000,0.000000,0.000000,0.000000
10.187238,-87.047829,0.000000,90.000003,-0.885504,90.000003,1.000000,15,0.500000,0.500000,0.000000,0,0.000000,0.000000,0.000000,0.000000
10.184155,-87.247787,0.000000,90.000003,-1.663484,90.000003,1.000000,15,0.500000,0.500000,0.000000,0,0.000000,0.000000,0.000000,0.000000
10.181071,-87.447754,0.000000,90.000009,-0.018363,90.000009,1.000000,15,0.500000,0.500000,0.000000,0,0.000000,0.000000,0.000000,0.000000
10.177989,-87.647728,0.000000,90.000003,-0.883131,90.000003,1.000000,15,0.500000,0.500000,0.000000,0,0.000000,0.000000,0.000000,0.000000
10.174903,-87.847694,0.000000,90.000003,-0.884073,90.000003,1.000000,15,0.500000,0.500000,0.000000,0,0.000000,0.000000,0.000000,0.000000
10.171823,-88.047691,0.000000,90.000009,-0.882733,90.000009,1.000000,15,0.500000,0.500000,0.000000,0,0.000000,0.000000,0.000000,0.000000
10.168736,-88.247650,0.000000,90.000003,-0.884073,90.000003,1.000000,15,0.500000,0.500000,0.000000,0,0.000000,0.000000,0.000000,0.000000
10.165658,-88.447639,0.000000,90.000003,-0.873641,90.000003,1.000000,15,0.500000,0.500000,0.000000,0,0.000000,0.000000,0.000000,0.000000
10.162570,-88.647598,0.000000,89.999996,-0.916616,89.999996,1.000000,15,0.500000,0.500000,0.000000,0,0.000000,0.000000,0.000000,0.000000
10.159486,-88.847572,0.000000,90.000009,-0.018363,90.000009,1.000000,15,0.500000,0.500000,0.000000,0,0.000000,0.000000,0.000000,0.000000
10.156404,-89.047554,0.000000,90.000009,-0.883549,90.000009,1.000000,15,0.500000,0.500000,0.000000,0,0.000000,0.000000,0.000000,0.000000
10.153317,-89.247520,0.000000,90.000016,-0.883925,90.000009,1.000000,15,0.500000,0.500000,0.000000,0,0.000000,0.000000,0.000000,0.000000
10.150233,-89.447502,0.000000,90.000016,-0.883925,90.000009,1.000000,15,0.500000,0.500000,0.000000,0,0.000000,0.000000,0.000000,0.000000
10.147151,-89.647476,0.000000,90.000009,-0.882352,90.000009,1.000000,15,0.500000,0.500000,0.000000,0,0.000000,0.000000,0.000000,0.000000
10.144071,-89.847466,0.000000,90.000003,-0.882878,90.000003,1.000000,15,0.500000,0.500000,0.000000,0,0.000000,0.000000,0.000000,0.000000
10.140985,-90.047424,0.000000,90.000003,-0.884073,90.000003,1.000000,15,0.500000,0.500000,0.000000,0,0.000000,0.000000,0.000000,0.000000
10.137902,-90.247406,0.000000,90.000003,-0.883131,90.000003,1.000000,15,0.500000,0.500000,0.000000,0,0.000000,0.000000,0.000000,0.000000
10.134816,-90.447372,0.000000,89.999996,-0.995255,89.999996,1.000000,15,0.500000,0.500000,0.000000,0,0.000000,0.000000,0.000000,0.000000
10.131734,-90.647369,0.000000,90.000003,-1.085184,90.000009,1.000000,15,0.500000,0.500000,0.000000,0,0.000000,0.000000,0.000000,0.000000
10.128648,-90.847313,0.000000,89.999996,-0.958754,89.999996,1.000000,15,0.500000,0.500000,0.000000,0,0.000000,0.000000,0.000000,0.000000
10.125569,-91.047302,0.000000,90.000003,-0.945397,90.000003,1.000000,15,0.500000,0.500000,0.000000,0,0.000000,0.000000,0.000000,0.000000
10.122487,-91.247276,0.000000,90.000009,-0.975062,90.000009,1.000000,15,0.500000,0.500000,0.000000,0,0.000000,0.000000,0.000000,0.000000
10.119399,-91.447250,0.000000,90.000016,-0.884449,90.000009,1.000000,15,0.500000,0.500000,0.000000,0,0.000000,0.000000,0.000000,0.000000
10.116319,-91.647217,0.000000,90.000003,-0.883014,90.000003,1.000000,15,0.500000,0.500000,0.000000,0,0.000000,0.000000,0.000000,0.000000
10.113233,-91.847198,0.000000,90.000003,-0.884191,90.000003,1.000000,15,0.500000,0.500000,0.000000,0,0.000000,0.000000,0.000000,0.000000
10.110147,-92.047157,0.000000,90.000003,-0.883281,90.000003,1.000000,15,0.500000,0.500000,0.000000,0,0.000000,0.000000,0.000000,0.000000
10.107068,-92.247154,0.000000,90.000003,-0.924226,90.000003,1.000000,15,0.500000,0.500000,0.000000,0,0.000000,0.000000,0.000000,0.000000
10.103982,-92.447105,0.000000,90.000003,-0.999625,90.000003,1.000000,15,0.500000,0.500000,0.000000,0,0.000000,0.000000,0.000000,0.000000
10.100898,-92.647102,0.000000,90.000009,-1.157333,90.000009,1.000000,15,0.500000,0.500000,0.000000,0,0.000000,0.000000,0.000000,0.000000
10.097817,-92.847061,0.000000,90.000003,-0.945397,90.000003,1.000000,15,0.500000,0.500000,0.000000,0,0.000000,0.000000,0.000000,0.000000
10.094728,-93.047043,0.000000,90.000003,-0.885504,90.000003,1.000000,15,0.500000,0.500000,0.000000,0,0.000000,0.000000,0.000000,0.000000
10.091645,-93.247009,0.000000,90.000003,-0.883014,90.000003,1.000000,15,0.500000,0.500000,0.000000,0,0.000000,0.000000,0.000000,0.000000
10.088563,-93.446991,0.000000,90.000003,-0.882878,90.000003,1.000000,15,0.500000,0.500000,0.000000,0,0.000000,0.000000,0.000000,0.000000
10.085481,-93.646950,0.000000,90.000003,-0.627382,90.000003,1.000000,15,0.500000,0.500000,0.000000,0,0.000000,0.000000,0.000000,0.000000
10.082395,-93.846954,0.000000,90.000009,-0.884039,90.000009,1.000000,15,0.500000,0.500000,0.000000,0,0.000000,0.000000,0.000000,0.000000
10.079316,-94.046913,0.000000,90.000003,-0.881971,90.000003,1.000000,15,0.500000,0.500000,0.000000,0,0.000000,0.000000,0.000000,0.000000
10.076230,-94.246887,0.000000,90.000003,-0.945397,90.000003,1.000000,15,0.500000,0.500000,0.000000,0,0.000000,0.000000,0.000000,0.000000
10.073144,-94.446861,0.000000,89.999996,-0.916616,89.999996,1.000000,15,0.500000,0.500000,0.000000,0,0.000000,0.000000,0.000000,0.000000
10.070062,-94.646835,0.000000,90.000003,-0.883395,90.000003,1.000000,15,0.500000,0.500000,0.000000,0,0.000000,0.000000,0.000000,0.000000
10.066979,-94.846802,0.000000,90.000016,-1.040638,90.000009,1.000000,15,0.500000,0.500000,0.000000,0,0.000000,0.000000,0.000000,0.000000
10.063890,-95.046783,0.000000,90.000003,-1.000315,90.000003,1.000000,15,0.500000,0.500000,0.000000,0,0.000000,0.000000,0.000000,0.000000
10.060809,-95.246742,0.000000,90.000009,-1.268041,90.000009,1.000000,15,0.500000,0.500000,0.000000,0,0.000000,0.000000,0.000000,0.000000
10.057727,-95.446739,0.000000,90.000003,-0.883264,90.000003,1.000000,15,0.500000,0.500000,0.000000,0,0.000000,0.000000,0.000000,0.000000
10.054641,-95.646698,0.000000,90.000009,-0.883549,90.000009,1.000000,15,0.500000,0.500000,0.000000,0,0.000000,0.000000,0.000000,0.000000
10.051560,-95.846687,0.000000,90.000003,-0.882878,90.000003,1.000000,15,0.500000,0.500000,0.000000,0,0.000000,0.000000,0.000000,0.000000
10.048474,-96.046646,0.000000,90.000009,-0.018363,90.000009,1.000000,15,0.500000,0.500000,0.000000,0,0.000000,0.000000,0.000000,0.000000
10.045388,-96.246628,0.000000,90.000016,-0.883925,90.000009,1.000000,15,0.500000,0.500000,0.000000,0,0.000000,0.000000,0.000000,0.000000
10.042306,-96.446594,0.000000,90.000009,-1.157333,90.000009,1.000000,15,0.500000,0.500000,0.000000,0,0.000000,0.000000,0.000000,0.000000
10.039224,-96.646576,0.000000,90.000003,-0.883662,90.000003,1.000000,15,0.500000,0.500000,0.000000,0,0.000000,0.000000,0.000000,0.000000
10.036139,-96.846535,0.000000,90.000003,-0.883014,90.000003,1.000000,15,0.500000,0.500000,0.000000,0,0.000000,0.000000,0.000000,0.000000
10.033059,-97.046524,0.000000,89.999996,-0.805168,90.000003,1.000000,15,0.500000,0.500000,0.000000,0,0.000000,0.000000,0.000000,0.000000
10.029977,-97.246498,0.000000,90.000009,-1.028984,90.000009,1.000000,15,0.500000,0.500000,0.000000,0,0.000000,0.000000,0.000000,0.000000
10.026891,-97.446472,0.000000,90.000003,-0.884191,90.000003,1.000000,15,0.500000,0.500000,0.000000,0,0.000000,0.000000,0.000000,0.000000
10.023803,-97.646439,0.000000,90.000003,-0.873641,90.000003,1.000000,15,0.500000,0.500000,0.000000,0,0.000000,0.000000,0.000000,0.000000
10.020726,-97.846420,0.000000,90.000009,-0.843082,90.000009,1.000000,15,0.500000,0.500000,0.000000,0,0.000000,0.000000,0.000000,0.000000
10.017632,-98.046402,0.000000,90.000003,-0.945397,90.000003,1.000000,15,0.500000,0.500000,0.000000,0,0.000000,0.000000,0.000000,0.000000
10.014558,-98.246376,0.000000,90.000003,-0.881293,90.000003,1.000000,15,0.500000,0.500000,0.000000,0,0.000000,0.000000,0.000000,0.000000
10.011472,-98.446335,0.000000,90.000003,-0.662108,90.000003,1.000000,15,0.500000,0.500000,0.000000,0,0.000000,0.000000,0.000000,0.000000
10.008386,-98.646324,0.000000,90.000003,-0.662108,90.000003,1.000000,15,0.500000,0.500000,0.000000,0,0.000000,0.000000,0.000000,0.000000
10.005301,-98.846283,0.000000,89.999996,-0.882970,89.999996,1.000000,15,0.500000,0.500000,0.000000,0,0.000000,0.000000,0.000000,0.000000
10.002223,-99.046265,0.000000,90.000009,-0.882089,90.000009,1.000000,15,0.500000,0.500000,0.000000,0,0.000000,0.000000,0.000000,0.000000
9.999137,-99.246231,0.000000,90.000003,-0.884073,90.000003,1.000000,15,0.500000,0.500000,0.000000,0,0.000000,0.000000,0.000000,0.000000
9.996053,-99.446205,0.000000,90.000003,-0.883395,90.000003,1.000000,15,0.500000,0.500000,0.000000,0,0.000000,0.000000,0.000000,0.000000
9.992967,-99.646172,0.000000,90.000003,-0.945397,90.000003,1.000000,15,0.500000,0.500000,0.000000,0,0.000000,0.000000,0.000000,0.000000
9.989888,-99.846176,0.000000,90.000003,-0.882470,90.000003,1.000000,15,0.500000,0.500000,0.000000,0,0.000000,0.000000,0.000000,0.000000
9.986802,-100.046135,0.000000,90.000003,-0.900475,90.000003,1.000000,15,0.500000,0.500000,0.000000,0,0.000000,0.000000,0.000000,0.000000
9.983722,-100.246109,0.000000,90.000003,-0.882623,90.000003,1.000000,15,0.500000,0.500000,0.000000,0,0.000000,0.000000,0.000000,0.000000
9.980632,-100.446091,0.000000,90.000003,-0.884968,90.000003,1.000000,15,0.500000,0.500000,0.000000,0,0.000000,0.000000,0.000000,0.000000
9.977550,-100.646057,0.000000,90.000016,-0.664736,90.000016,1.000000,15,0.500000,0.500000,0.000000,0,0.000000,0.000000,0.000000,0.000000
9.974469,-100.846039,0.000000,90.000003,-0.882623,90.000003,1.000000,15,0.500000,0.500000,0.000000,0,0.000000,0.000000,0.000000,0.000000
9.971379,-101.045990,0.000000,90.000009,-0.884866,90.000009,1.000000,15,0.500000,0.500000,0.000000,0,0.000000,0.000000,0.000000,0.000000
9.968293,-101.245987,0.000000,90.000016,-0.884449,90.000009,1.000000,15,0.500000,0.500000,0.000000,0,0.000000,0.000000,0.000000,0.000000
9.965219,-101.445961,0.000000,90.000009,-0.880779,90.000009,1.000000,15,0.500000,0.500000,0.000000,0,0.000000,0.000000,0.000000,0.000000
9.962132,-101.645935,0.000000,90.000009,-0.883926,90.000009,1.000000,15,0.500000,0.500000,0.000000,0,0.000000,0.000000,0.000000,0.000000
