9.405531,-17.475010,0.138793,0.000000,0.000000,-89.999893,1.000000,15,0.500000,0.500000,0.000000,0,0.000000,0.000000,0.000000,0.000000
9.410437,-17.574890,0.138793,0.000000,0.000000,-87.188096,1.000000,15,0.500000,0.500000,0.000000,0,0.000000,0.000000,0.000000,0.000000
9.415342,-17.674768,0.138793,0.000000,0.000000,-87.188102,1.000000,15,0.500000,0.500000,0.000000,0,0.000000,0.000000,0.000000,0.000000
9.420240,-17.774490,0.138793,0.000000,0.000000,-87.188102,1.000000,15,0.500000,0.500000,0.000000,0,0.000000,0.000000,0.000000,0.000000
9.425146,-17.874372,0.138793,0.000000,0.000000,-87.188089,1.000000,15,0.500000,0.500000,0.000000,0,0.000000,0.000000,0.000000,0.000000
9.436197,-18.074066,0.138793,0.000000,0.000000,-86.476895,1.000000,15,0.500000,0.500000,0.000000,0,0.000000,0.000000,0.000000,0.000000
9.442343,-18.173874,0.138793,0.000000,0.000000,-86.476895,1.000000,15,0.500000,0.500000,0.000000,0,0.000000,0.000000,0.000000,0.000000
9.448488,-18.273685,0.138793,0.000000,0.000000,-86.476895,1.000000,15,0.500000,0.500000,0.000000,0,0.000000,0.000000,0.000000,0.000000
9.454634,-18.373497,0.138793,0.000000,0.000000,-86.476895,1.000000,15,0.500000,0.500000,0.000000,0,0.000000,0.000000,0.000000,0.000000
9.460777,-18.473310,0.138793,0.000000,0.000000,-86.476895,1.000000,15,0.500000,0.500000,0.000000,0,0.000000,0.000000,0.000000,0.000000
9.466923,-18.573118,0.138793,0.000000,0.000000,-86.476895,1.000000,15,0.500000,0.500000,0.000000,0,0.000000,0.000000,0.000000,0.000000
9.473066,-18.672928,0.138793,0.000000,0.000000,-86.476895,1.000000,15,0.500000,0.500000,0.000000,0,0.000000,0.000000,0.000000,0.000000
9.479214,-18.772743,0.138793,0.000000,0.000000,-86.476895,1.000000,15,0.500000,0.500000,0.000000,0,0.000000,0.000000,0.000000,0.000000
9.485359,-18.872551,0.138793,0.000000,0.000000,-86.476895,1.000000,15,0.500000,0.500000,0.000000,0,0.000000,0.000000,0.000000,0.000000
9.491505,-18.972364,0.138793,0.000000,0.000000,-86.476895,1.000000,15,0.500000,0.500000,0.000000,0,0.000000,0.000000,0.000000,0.000000
9.497648,-19.072174,0.138793,0.000000,0.000000,-86.476895,1.000000,15,0.500000,0.500000,0.000000,0,0.000000,0.000000,0.000000,0.000000
9.503794,-19.171986,0.138793,0.000000,0.000000,-86.476895,1.000000,15,0.500000,0.500000,0.000000,0,0.000000,0.000000,0.000000,0.000000
9.509937,-19.271799,0.138793,0.000000,0.000000,-86.476895,1.000000,15,0.500000,0.500000,0.000000,0,0.000000,0.000000,0.000000,0.000000
9.516085,-19.371611,0.138793,0.000000,0.000000,-86.476895,1.000000,15,0.500000,0.500000,0.000000,0,0.000000,0.000000,0.000000,0.000000
9.522228,-19.471418,0.138793,0.000000,0.000000,-86.476895,1.000000,15,0.500000,0.500000,0.000000,0,0.000000,0.000000,0.000000,0.000000
9.528374,-19.571230,0.138793,0.000000,0.000000,-86.476895,1.000000,15,0.500000,0.500000,0.000000,0,0.000000,0.000000,0.000000,0.000000
9.534517,-19.671043,0.138793,0.000000,0.000000,-86.476909,1.000000,15,0.500000,0.500000,0.000000,0,0.000000,0.000000,0.000000,0.000000
9.540638,-19.770432,0.138793,0.000000,0.000000,-86.476888,1.000000,15,0.500000,0.500000,0.000000,0,0.000000,0.000000,0.000000,0.000000
9.546783,-19.870239,0.138793,0.000000,0.000000,-86.476916,1.000000,15,0.500000,0.500000,0.000000,0,0.000000,0.000000,0.000000,0.000000
9.552929,-19.970049,0.138793,0.000000,0.000000,-86.476888,1.000000,15,0.500000,0.500000,0.000000,0,0.000000,0.000000,0.000000,0.000000
9.559074,-20.069862,0.138793,0.000000,0.000000,-86.476888,1.000000,15,0.500000,0.500000,0.000000,0,0.000000,0.000000,0.000000,0.000000
9.565218,-20.169674,0.138793,0.000000,0.000000,-86.476916,1.000000,15,0.500000,0.500000,0.000000,0,0.000000,0.000000,0.000000,0.000000
9.571363,-20.269487,0.138793,0.000000,0.000000,-86.476888,1.000000,15,0.500000,0.500000,0.000000,0,0.000000,0.000000,0.000000,0.000000
9.577509,-20.369297,0.138793,0.000000,0.000000,-86.476895,1.000000,15,0.500000,0.500000,0.000000,0,0.000000,0.000000,0.000000,0.000000
9.583652,-20.469107,0.138793,0.000000,0.000000,-86.476916,1.000000,15,0.500000,0.500000,0.000000,0,0.000000,0.000000,0.000000,0.000000
9.589800,-20.568920,0.138793,0.000000,0.000000,-86.476888,1.000000,15,0.500000,0.500000,0.000000,0,0.000000,0.000000,0.000000,0.000000
9.595943,-20.668732,0.138793,0.000000,0.000000,-86.476916,1.000000,15,0.500000,0.500000,0.000000,0,0.000000,0.000000,0.000000,0.000000
9.602089,-20.768539,0.138793,0.000000,0.000000,-86.476888,1.000000,15,0.500000,0.500000,0.000000,0,0.000000,0.000000,0.000000,0.000000
9.608232,-20.868351,0.138793,0.000000,0.000000,-86.476888,1.000000,15,0.500000,0.500000,0.000000,0,0.000000,0.000000,0.000000,0.000000
9.614378,-20.968163,0.138793,0.000000,0.000000,-86.476895,1.000000,15,0.500000,0.500000,0.000000,0,0.000000,0.000000,0.000000,0.000000
9.620523,-21.067976,0.138793,0.000000,0.000000,-86.476888,1.000000,15,0.500000,0.500000,0.000000,0,0.000000,0.000000,0.000000,0.000000
9.626669,-21.167786,0.138793,0.000000,0.000000,-86.476888,1.000000,15,0.500000,0.500000,0.000000,0,0.000000,0.000000,0.000000,0.000000
9.632814,-21.267595,0.138793,0.000000,0.000000,-86.476895,1.000000,15,0.500000,0.500000,0.000000,0,0.000000,0.000000,0.000000,0.000000
9.638960,-21.367409,0.138793,0.000000,0.000000,-86.476888,1.000000,15,0.500000,0.500000,0.000000,0,0.000000,0.000000,0.000000,0.000000
9.645103,-21.467216,0.138793,0.000000,0.000000,-86.476888,1.000000,15,0.500000,0.500000,0.000000,0,0.000000,0.000000,0.000000,0.000000
9.651251,-21.567028,0.138793,0.000000,0.000000,-86.476888,1.000000,15,0.500000,0.500000,0.000000,0,0.000000,0.000000,0.000000,0.000000
9.657394,-21.666840,0.138793,0.000000,0.000000,-86.476888,1.000000,15,0.500000,0.500000,0.000000,0,0.000000,0.000000,0.000000,0.000000
9.669037,-21.866501,0.138793,0.000000,0.000000,-86.849694,1.000000,15,0.500000,0.500000,0.000000,0,0.000000,0.000000,0.000000,0.000000
9.674530,-21.966349,0.138793,0.000000,0.000000,-86.849694,1.000000,15,0.500000,0.500000,0.000000,0,0.000000,0.000000,0.000000,0.000000
9.680027,-22.066198,0.138793,0.000000,0.000000,-86.849708,1.000000,15,0.500000,0.500000,0.000000,0,0.000000,0.000000,0.000000,0.000000
9.690166,-22.265940,0.138793,0.000000,0.000000,-87.338073,1.000000,15,0.500000,0.500000,0.000000,0,0.000000,0.000000,0.000000,0.000000
9.694811,-22.365833,0.138793,0.000000,0.000000,-87.338073,1.000000,15,0.500000,0.500000,0.000000,0,0.000000,0.000000,0.000000,0.000000
9.699455,-22.465727,0.138793,0.000000,0.000000,-87.338073,1.000000,15,0.500000,0.500000,0.000000,0,0.000000,0.000000,0.000000,0.000000
9.704100,-22.565617,0.138793,0.000000,0.000000,-87.338073,1.000000,15,0.500000,0.500000,0.000000,0,0.000000,0.000000,0.000000,0.000000
9.708742,-22.665506,0.138793,0.000000,0.000000,-87.338073,1.000000,15,0.500000,0.500000,0.000000,0,0.000000,0.000000,0.000000,0.000000
9.713387,-22.765400,0.138793,0.000000,0.000000,-87.338073,1.000000,15,0.500000,0.500000,0.000000,0,0.000000,0.000000,0.000000,0.000000
9.718031,-22.865292,0.138793,0.000000,0.000000,-87.338073,1.000000,15,0.500000,0.500000,0.000000,0,0.000000,0.000000,0.000000,0.000000
9.722675,-22.965183,0.138793,0.000000,0.000000,-87.338073,1.000000,15,0.500000,0.500000,0.000000,0,0.000000,0.000000,0.000000,0.000000
9.727322,-23.065077,0.138793,0.000000,0.000000,-87.338073,1.000000,15,0.500000,0.500000,0.000000,0,0.000000,0.000000,0.000000,0.000000
9.731964,-23.164970,0.138793,0.000000,0.000000,-87.338073,1.000000,15,0.500000,0.500000,0.000000,0,0.000000,0.000000,0.000000,0.000000
9.736609,-23.264860,0.138793,0.000000,0.000000,-87.338073,1.000000,15,0.500000,0.500000,0.000000,0,0.000000,0.000000,0.000000,0.000000
9.741255,-23.364754,0.138793,0.000000,0.000000,-87.338073,1.000000,15,0.500000,0.500000,0.000000,0,0.000000,0.000000,0.000000,0.000000
9.745897,-23.464645,0.138793,0.000000,0.000000,-87.338073,1.000000,15,0.500000,0.500000,0.000000,0,0.000000,0.000000,0.000000,0.000000
9.750542,-23.564539,0.138793,0.000000,0.000000,-87.338073,1.000000,15,0.500000,0.500000,0.000000,0,0.000000,0.000000,0.000000,0.000000
9.755188,-23.664431,0.138793,0.000000,0.000000,-87.338073,1.000000,15,0.500000,0.500000,0.000000,0,0.000000,0.000000,0.000000,0.000000
9.759830,-23.764322,0.138793,0.000000,0.000000,-87.338073,1.000000,15,0.500000,0.500000,0.000000,0,0.000000,0.000000,0.000000,0.000000
9.764475,-23.864216,0.138793,0.000000,0.000000,-87.338080,1.000000,15,0.500000,0.500000,0.000000,0,0.000000,0.000000,0.000000,0.000000
9.769119,-23.964106,0.138793,0.000000,0.000000,-87.338073,1.000000,15,0.500000,0.500000,0.000000,0,0.000000,0.000000,0.000000,0.000000
9.773764,-24.063999,0.138793,0.000000,0.000000,-87.338080,1.000000,15,0.500000,0.500000,0.000000,0,0.000000,0.000000,0.000000,0.000000
9.778408,-24.163895,0.138793,0.000000,0.000000,-87.338073,1.000000,15,0.500000,0.500000,0.000000,0,0.000000,0.000000,0.000000,0.000000
9.783052,-24.263786,0.138793,0.000000,0.000000,-87.338080,1.000000,15,0.500000,0.500000,0.000000,0,0.000000,0.000000,0.000000,0.000000
9.787697,-24.363676,0.138793,0.000000,0.000000,-87.338080,1.000000,15,0.500000,0.500000,0.000000,0,0.000000,0.000000,0.000000,0.000000
9.792339,-24.463566,0.138793,0.000000,0.000000,-87.338080,1.000000,15,0.500000,0.500000,0.000000,0,0.000000,0.000000,0.000000,0.000000
9.796984,-24.563459,0.138793,0.000000,0.000000,-87.338080,1.000000,15,0.500000,0.500000,0.000000,0,0.000000,0.000000,0.000000,0.000000
9.801617,-24.663078,0.138793,0.000000,0.000000,-87.338073,1.000000,15,0.500000,0.500000,0.000000,0,0.000000,0.000000,0.000000,0.000000
9.806261,-24.762970,0.138793,0.000000,0.000000,-87.338080,1.000000,15,0.500000,0.500000,0.000000,0,0.000000,0.000000,0.000000,0.000000
9.810904,-24.862862,0.138793,0.000000,0.000000,-87.338080,1.000000,15,0.500000,0.500000,0.000000,0,0.000000,0.000000,0.000000,0.000000
9.815550,-24.962749,0.138793,0.000000,0.000000,-87.338073,1.000000,15,0.500000,0.500000,0.000000,0,0.000000,0.000000,0.000000,0.000000
9.820194,-25.062645,0.138793,0.000000,0.000000,-87.338080,1.000000,15,0.500000,0.500000,0.000000,0,0.000000,0.000000,0.000000,0.000000
9.824837,-25.162537,0.138793,0.000000,0.000000,-87.338080,1.000000,15,0.500000,0.500000,0.000000,0,0.000000,0.000000,0.000000,0.000000
9.829481,-25.262428,0.138793,0.000000,0.000000,-87.338093,1.000000,15,0.500000,0.500000,0.000000,0,0.000000,0.000000,0.000000,0.000000
9.834127,-25.362324,0.138793,0.000000,0.000000,-87.338080,1.000000,15,0.500000,0.500000,0.000000,0,0.000000,0.000000,0.000000,0.000000
9.838770,-25.462212,0.138793,0.000000,0.000000,-87.338080,1.000000,15,0.500000,0.500000,0.000000,0,0.000000,0.000000,0.000000,0.000000
9.843414,-25.562103,0.138793,0.000000,0.000000,-87.338080,1.000000,15,0.500000,0.500000,0.000000,0,0.000000,0.000000,0.000000,0.000000
9.848061,-25.661995,0.138793,0.000000,0.000000,-87.338080,1.000000,15,0.500000,0.500000,0.000000,0,0.000000,0.000000,0.000000,0.000000
9.852701,-25.761889,0.138793,0.000000,0.000000,-87.338073,1.000000,15,0.500000,0.500000,0.000000,0,0.000000,0.000000,0.000000,0.000000
9.857347,-25.861778,0.138793,0.000000,0.000000,-87.338073,1.000000,15,0.500000,0.500000,0.000000,0,0.000000,0.000000,0.000000,0.000000
9.861992,-25.961672,0.138793,0.000000,0.000000,-87.338066,1.000000,15,0.500000,0.500000,0.000000,0,0.000000,0.000000,0.000000,0.000000
9.866634,-26.061563,0.138793,0.000000,0.000000,-87.338066,1.000000,15,0.500000,0.500000,0.000000,0,0.000000,0.000000,0.000000,0.000000
9.871279,-26.161457,0.138793,0.000000,0.000000,-87.338073,1.000000,15,0.500000,0.500000,0.000000,0,0.000000,0.000000,0.000000,0.000000
9.875925,-26.261349,0.138793,0.000000,0.000000,-87.338066,1.000000,15,0.500000,0.500000,0.000000,0,0.000000,0.000000,0.000000,0.000000
9.880568,-26.361240,0.138793,0.000000,0.000000,-87.338066,1.000000,15,0.500000,0.500000,0.000000,0,0.000000,0.000000,0.000000,0.000000
9.885214,-26.461132,0.138793,0.000000,0.000000,-87.338073,1.000000,15,0.500000,0.500000,0.000000,0,0.000000,0.000000,0.000000,0.000000
9.889858,-26.561028,0.138793,0.000000,0.000000,-87.338066,1.000000,15,0.500000,0.500000,0.000000,0,0.000000,0.000000,0.000000,0.000000
9.894503,-26.660913,0.138793,0.000000,0.000000,-87.338073,1.000000,15,0.500000,0.500000,0.000000,0,0.000000,0.000000,0.000000,0.000000
9.899145,-26.760807,0.138793,0.000000,0.000000,-87.338073,1.000000,15,0.500000,0.500000,0.000000,0,0.000000,0.000000,0.000000,0.000000
9.903790,-26.860699,0.138793,0.000000,0.000000,-87.338066,1.000000,15,0.500000,0.500000,0.000000,0,0.000000,0.000000,0.000000,0.000000
9.908434,-26.960590,0.138793,0.000000,0.000000,-87.338073,1.000000,15,0.500000,0.500000,0.000000,0,0.000000,0.000000,0.000000,0.000000
9.913080,-27.060482,0.138793,0.000000,0.000000,-87.338066,1.000000,15,0.500000,0.500000,0.000000,0,0.000000,0.000000,0.000000,0.000000
9.917723,-27.160374,0.138793,0.000000,0.000000,-87.338066,1.000000,15,0.500000,0.500000,0.000000,0,0.000000,0.000000,0.000000,0.000000
9.922369,-27.260262,0.138793,0.000000,0.000000,-87.338073,1.000000,15,0.500000,0.500000,0.000000,0,0.000000,0.000000,0.000000,0.000000
9.927011,-27.360153,0.138793,0.000000,0.000000,-87.338066,1.000000,15,0.500000,0.500000,0.000000,0,0.000000,0.000000,0.000000,0.000000
9.931656,-27.460049,0.138793,0.000000,0.000000,-87.338066,1.000000,15,0.500000,0.500000,0.000000,0,0.000000,0.000000,0.000000,0.000000
9.936300,-27.559938,0.138793,0.000000,0.000000,-87.338073,1.000000,15,0.500000,0.500000,0.000000,0,0.000000,0.000000,0.000000,0.000000
9.940947,-27.659832,0.138793,0.000000,0.000000,-87.338066,1.000000,15,0.500000,0.500000,0.000000,0,0.000000,0.000000,0.000000,0.000000
9.949633,-27.859640,0.138793,0.000000,0.000000,-87.682034,1.000000,15,0.500000,0.500000,0.000000,0,0.000000,0.000000,0.000000,0.000000
9.953676,-27.959560,0.138793,0.000000,0.000000,-87.682034,1.000000,15,0.500000,0.500000,0.000000,0,0.000000,0.000000,0.000000,0.000000
9.957632,-28.059483,0.138793,0.000000,0.000000,-87.733794,1.000000,15,0.500000,0.500000,0.000000,0,0.000000,0.000000,0.000000,0.000000
9.961584,-28.159403,0.138793,0.000000,0.000000,-87.733794,1.000000,15,0.500000,0.500000,0.000000,0,0.000000,0.000000,0.000000,0.000000
9.965540,-28.259327,0.138793,0.000000,0.000000,-87.733794,1.000000,15,0.500000,0.500000,0.000000,0,0.000000,0.000000,0.000000,0.000000
9.969494,-28.359249,0.138793,0.000000,0.000000,-87.733794,1.000000,15,0.500000,0.500000,0.000000,0,0.000000,0.000000,0.000000,0.000000
9.973450,-28.459173,0.138793,0.000000,0.000000,-87.733794,1.000000,15,0.500000,0.500000,0.000000,0,0.000000,0.000000,0.000000,0.000000
9.977404,-28.559097,0.138793,0.000000,0.000000,-87.733794,1.000000,15,0.500000,0.500000,0.000000,0,0.000000,0.000000,0.000000,0.000000
9.981356,-28.659018,0.138793,0.000000,0.000000,-87.733794,1.000000,15,0.500000,0.500000,0.000000,0,0.000000,0.000000,0.000000,0.000000
9.985312,-28.758938,0.138793,0.000000,0.000000,-87.733794,1.000000,15,0.500000,0.500000,0.000000,0,0.000000,0.000000,0.000000,0.000000
9.989265,-28.858860,0.138793,0.000000,0.000000,-87.733794,1.000000,15,0.500000,0.500000,0.000000,0,0.000000,0.000000,0.000000,0.000000
9.993221,-28.958784,0.138793,0.000000,0.000000,-87.733794,1.000000,15,0.500000,0.500000,0.000000,0,0.000000,0.000000,0.000000,0.000000
9.997175,-29.058708,0.138793,0.000000,0.000000,-87.733807,1.000000,15,0.500000,0.500000,0.000000,0,0.000000,0.000000,0.000000,0.000000
10.001127,-29.158627,0.138793,0.000000,0.000000,-87.733807,1.000000,15,0.500000,0.500000,0.000000,0,0.000000,0.000000,0.000000,0.000000
10.005083,-29.258551,0.138793,0.000000,0.000000,-87.733807,1.000000,15,0.500000,0.500000,0.000000,0,0.000000,0.000000,0.000000,0.000000
10.009039,-29.358473,0.138793,0.000000,0.000000,-87.733807,1.000000,15,0.500000,0.500000,0.000000,0,0.000000,0.000000,0.000000,0.000000
10.012991,-29.458395,0.138793,0.000000,0.000000,-87.733807,1.000000,15,0.500000,0.500000,0.000000,0,0.000000,0.000000,0.000000,0.000000
10.016947,-29.558317,0.138793,0.000000,0.000000,-87.733807,1.000000,15,0.500000,0.500000,0.000000,0,0.000000,0.000000,0.000000,0.000000
10.020901,-29.658239,0.138793,0.000000,0.000000,-87.733794,1.000000,15,0.500000,0.500000,0.000000,0,0.000000,0.000000,0.000000,0.000000
10.024849,-29.758022,0.138793,0.000000,0.000000,-87.733794,1.000000,15,0.500000,0.500000,0.000000,0,0.000000,0.000000,0.000000,0.000000
10.028803,-29.857941,0.138793,0.000000,0.000000,-87.733807,1.000000,15,0.500000,0.500000,0.000000,0,0.000000,0.000000,0.000000,0.000000
10.032757,-29.957865,0.138793,0.000000,0.000000,-87.733794,1.000000,15,0.500000,0.500000,0.000000,0,0.000000,0.000000,0.000000,0.000000
10.036713,-30.057787,0.138793,0.000000,0.000000,-87.733814,1.000000,15,0.500000,0.500000,0.000000,0,0.000000,0.000000,0.000000,0.000000
10.040665,-30.157711,0.138793,0.000000,0.000000,-87.733807,1.000000,15,0.500000,0.500000,0.000000,0,0.000000,0.000000,0.000000,0.000000
10.044619,-30.257629,0.138793,0.000000,0.000000,-87.733794,1.000000,15,0.500000,0.500000,0.000000,0,0.000000,0.000000,0.000000,0.000000
10.048574,-30.357552,0.138793,0.000000,0.000000,-87.733794,1.000000,15,0.500000,0.500000,0.000000,0,0.000000,0.000000,0.000000,0.000000
10.052528,-30.457474,0.138793,0.000000,0.000000,-87.733794,1.000000,15,0.500000,0.500000,0.000000,0,0.000000,0.000000,0.000000,0.000000
10.056482,-30.557396,0.138793,0.000000,0.000000,-87.733794,1.000000,15,0.500000,0.500000,0.000000,0,0.000000,0.000000,0.000000,0.000000
10.060436,-30.657320,0.138793,0.000000,0.000000,-87.733794,1.000000,15,0.500000,0.500000,0.000000,0,0.000000,0.000000,0.000000,0.000000
10.064392,-30.757244,0.138793,0.000000,0.000000,-87.733794,1.000000,15,0.500000,0.500000,0.000000,0,0.000000,0.000000,0.000000,0.000000
10.068346,-30.857166,0.138793,0.000000,0.000000,-87.733807,1.000000,15,0.500000,0.500000,0.000000,0,0.000000,0.000000,0.000000,0.000000
10.072300,-30.957087,0.138793,0.000000,0.000000,-87.733794,1.000000,15,0.500000,0.500000,0.000000,0,0.000000,0.000000,0.000000,0.000000
10.076254,-31.057011,0.138793,0.000000,0.000000,-87.733794,1.000000,15,0.500000,0.500000,0.000000,0,0.000000,0.000000,0.000000,0.000000
10.080210,-31.156933,0.138793,0.000000,0.000000,-87.733794,1.000000,15,0.500000,0.500000,0.000000,0,0.000000,0.000000,0.000000,0.000000
10.084164,-31.256851,0.138793,0.000000,0.000000,-87.733794,1.000000,15,0.500000,0.500000,0.000000,0,0.000000,0.000000,0.000000,0.000000
10.091925,-31.456707,0.138793,0.000000,0.000000,-87.817409,1.000000,15,0.500000,0.500000,0.000000,0,0.000000,0.000000,0.000000,0.000000
10.095734,-31.556633,0.138793,0.000000,0.000000,-87.817409,1.000000,15,0.500000,0.500000,0.000000,0,0.000000,0.000000,0.000000,0.000000
10.103296,-31.756487,0.138793,0.000000,0.000000,-87.848664,1.000000,15,0.500000,0.500000,0.000000,0,0.000000,0.000000,0.000000,0.000000
10.107052,-31.856421,0.138793,0.000000,0.000000,-87.848664,1.000000,15,0.500000,0.500000,0.000000,0,0.000000,0.000000,0.000000,0.000000
10.110806,-31.956352,0.138793,0.000000,0.000000,-87.848664,1.000000,15,0.500000,0.500000,0.000000,0,0.000000,0.000000,0.000000,0.000000
10.114559,-32.056282,0.138793,0.000000,0.000000,-87.848664,1.000000,15,0.500000,0.500000,0.000000,0,0.000000,0.000000,0.000000,0.000000
10.117121,-32.256203,0.138793,0.000000,0.000000,-90.682632,1.000000,15,0.500000,0.500000,0.000000,0,0.000000,0.000000,0.000000,0.000000
10.115929,-32.356194,0.138793,0.000000,0.000000,-90.682632,1.000000,15,0.500000,0.500000,0.000000,0,0.000000,0.000000,0.000000,0.000000
10.114737,-32.456184,0.138793,0.000000,0.000000,-90.682632,1.000000,15,0.500000,0.500000,0.000000,0,0.000000,0.000000,0.000000,0.000000
10.113546,-32.556183,0.138793,0.000000,0.000000,-90.682632,1.000000,15,0.500000,0.500000,0.000000,0,0.000000,0.000000,0.000000,0.000000
10.112354,-32.656178,0.138793,0.000000,0.000000,-90.682632,1.000000,15,0.500000,0.500000,0.000000,0,0.000000,0.000000,0.000000,0.000000
10.111162,-32.756165,0.138793,0.000000,0.000000,-90.682632,1.000000,15,0.500000,0.500000,0.000000,0,0.000000,0.000000,0.000000,0.000000
10.109972,-32.856155,0.138793,0.000000,0.000000,-90.682632,1.000000,15,0.500000,0.500000,0.000000,0,0.000000,0.000000,0.000000,0.000000
10.108780,-32.956154,0.138793,0.000000,0.000000,-90.682632,1.000000,15,0.500000,0.500000,0.000000,0,0.000000,0.000000,0.000000,0.000000
10.107588,-33.056145,0.138793,0.000000,0.000000,-90.682632,1.000000,15,0.500000,0.500000,0.000000,0,0.000000,0.000000,0.000000,0.000000
10.106398,-33.156139,0.138793,0.000000,0.000000,-90.682625,1.000000,15,0.500000,0.500000,0.000000,0,0.000000,0.000000,0.000000,0.000000
10.105206,-33.256126,0.138793,0.000000,0.000000,-90.682625,1.000000,15,0.500000,0.500000,0.000000,0,0.000000,0.000000,0.000000,0.000000
10.104015,-33.356125,0.138793,0.000000,0.000000,-90.682625,1.000000,15,0.500000,0.500000,0.000000,0,0.000000,0.000000,0.000000,0.000000
10.102823,-33.456116,0.138793,0.000000,0.000000,-90.682625,1.000000,15,0.500000,0.500000,0.000000,0,0.000000,0.000000,0.000000,0.000000
10.101633,-33.556107,0.138793,0.000000,0.000000,-90.682612,1.000000,15,0.500000,0.500000,0.000000,0,0.000000,0.000000,0.000000,0.000000
10.100548,-33.647087,0.138793,0.000000,0.000000,-90.682646,1.000000,15,0.500000,0.500000,0.000000,0,0.000000,0.000000,0.000000,0.000000
10.099356,-33.747078,0.138793,0.000000,0.000000,-90.682646,1.000000,15,0.500000,0.500000,0.000000,0,0.000000,0.000000,0.000000,0.000000
10.098167,-33.847080,0.138793,0.000000,0.000000,-90.682646,1.000000,15,0.500000,0.500000,0.000000,0,0.000000,0.000000,0.000000,0.000000
10.096975,-33.947075,0.138793,0.000000,0.000000,-90.682646,1.000000,15,0.500000,0.500000,0.000000,0,0.000000,0.000000,0.000000,0.000000
10.095785,-34.047066,0.138793,0.000000,0.000000,-90.682646,1.000000,15,0.500000,0.500000,0.000000,0,0.000000,0.000000,0.000000,0.000000
10.094593,-34.147057,0.138793,0.000000,0.000000,-90.682646,1.000000,15,0.500000,0.500000,0.000000,0,0.000000,0.000000,0.000000,0.000000
10.093401,-34.247047,0.138793,0.000000,0.000000,-90.682646,1.000000,15,0.500000,0.500000,0.000000,0,0.000000,0.000000,0.000000,0.000000
10.092209,-34.347046,0.138793,0.000000,0.000000,-90.682646,1.000000,15,0.500000,0.500000,0.000000,0,0.000000,0.000000,0.000000,0.000000
10.091017,-34.447037,0.138793,0.000000,0.000000,-90.682646,1.000000,15,0.500000,0.500000,0.000000,0,0.000000,0.000000,0.000000,0.000000
10.089827,-34.547028,0.138793,0.000000,0.000000,-90.682646,1.000000,15,0.500000,0.500000,0.000000,0,0.000000,0.000000,0.000000,0.000000
10.088634,-34.647018,0.138793,0.000000,0.000000,-90.682646,1.000000,15,0.500000,0.500000,0.000000,0,0.000000,0.000000,0.000000,0.000000
10.087444,-34.747017,0.138793,0.000000,0.000000,-90.682646,1.000000,15,0.500000,0.500000,0.000000,0,0.000000,0.000000,0.000000,0.000000
10.086252,-34.847008,0.138793,0.000000,0.000000,-90.682646,1.000000,15,0.500000,0.500000,0.000000,0,0.000000,0.000000,0.000000,0.000000
10.085062,-34.946999,0.138793,0.000000,0.000000,-90.682646,1.000000,15,0.500000,0.500000,0.000000,0,0.000000,0.000000,0.000000,0.000000
10.082327,-35.146980,0.138793,0.000000,0.000000,-90.883426,1.000000,15,0.500000,0.500000,0.000000,0,0.000000,0.000000,0.000000,0.000000
10.080786,-35.246971,0.138793,0.000000,0.000000,-90.883426,1.000000,15,0.500000,0.500000,0.000000,0,0.000000,0.000000,0.000000,0.000000
10.079243,-35.346954,0.138793,0.000000,0.000000,-90.883426,1.000000,15,0.500000,0.500000,0.000000,0,0.000000,0.000000,0.000000,0.000000
10.077702,-35.446945,0.138793,0.000000,0.000000,-90.883426,1.000000,15,0.500000,0.500000,0.000000,0,0.000000,0.000000,0.000000,0.000000
10.076159,-35.546936,0.138793,0.000000,0.000000,-90.883426,1.000000,15,0.500000,0.500000,0.000000,0,0.000000,0.000000,0.000000,0.000000
10.074617,-35.646919,0.138793,0.000000,0.000000,-90.883426,1.000000,15,0.500000,0.500000,0.000000,0,0.000000,0.000000,0.000000,0.000000
10.073078,-35.746914,0.138793,0.000000,0.000000,-90.883426,1.000000,15,0.500000,0.500000,0.000000,0,0.000000,0.000000,0.000000,0.000000
10.071535,-35.846905,0.138793,0.000000,0.000000,-90.883426,1.000000,15,0.500000,0.500000,0.000000,0,0.000000,0.000000,0.000000,0.000000
10.069992,-35.946896,0.138793,0.000000,0.000000,-90.883426,1.000000,15,0.500000,0.500000,0.000000,0,0.000000,0.000000,0.000000,0.000000
10.068451,-36.046879,0.138793,0.000000,0.000000,-90.883426,1.000000,15,0.500000,0.500000,0.000000,0,0.000000,0.000000,0.000000,0.000000
10.066908,-36.146866,0.138793,0.000000,0.000000,-90.883426,1.000000,15,0.500000,0.500000,0.000000,0,0.000000,0.000000,0.000000,0.000000
10.065367,-36.246857,0.138793,0.000000,0.000000,-90.883426,1.000000,15,0.500000,0.500000,0.000000,0,0.000000,0.000000,0.000000,0.000000
10.063824,-36.346848,0.138793,0.000000,0.000000,-90.883426,1.000000,15,0.500000,0.500000,0.000000,0,0.000000,0.000000,0.000000,0.000000
10.062284,-36.446835,0.138793,0.000000,0.000000,-90.883426,1.000000,15,0.500000,0.500000,0.000000,0,0.000000,0.000000,0.000000,0.000000
10.060741,-36.546822,0.138793,0.000000,0.000000,-90.883426,1.000000,15,0.500000,0.500000,0.000000,0,0.000000,0.000000,0.000000,0.000000
10.059200,-36.646816,0.138793,0.000000,0.000000,-90.883426,1.000000,15,0.500000,0.500000,0.000000,0,0.000000,0.000000,0.000000,0.000000
10.057659,-36.746807,0.138793,0.000000,0.000000,-90.883426,1.000000,15,0.500000,0.500000,0.000000,0,0.000000,0.000000,0.000000,0.000000
10.056118,-36.846790,0.138793,0.000000,0.000000,-90.883426,1.000000,15,0.500000,0.500000,0.000000,0,0.000000,0.000000,0.000000,0.000000
10.054577,-36.946781,0.138793,0.000000,0.000000,-90.883426,1.000000,15,0.500000,0.500000,0.000000,0,0.000000,0.000000,0.000000,0.000000
10.053032,-37.046768,0.138793,0.000000,0.000000,-90.883426,1.000000,15,0.500000,0.500000,0.000000,0,0.000000,0.000000,0.000000,0.000000
10.051491,-37.146759,0.138793,0.000000,0.000000,-90.883426,1.000000,15,0.500000,0.500000,0.000000,0,0.000000,0.000000,0.000000,0.000000
10.049952,-37.246742,0.138793,0.000000,0.000000,-90.883426,1.000000,15,0.500000,0.500000,0.000000,0,0.000000,0.000000,0.000000,0.000000
10.048409,-37.346741,0.138793,0.000000,0.000000,-90.883426,1.000000,15,0.500000,0.500000,0.000000,0,0.000000,0.000000,0.000000,0.000000
10.046867,-37.446728,0.138793,0.000000,0.000000,-90.883426,1.000000,15,0.500000,0.500000,0.000000,0,0.000000,0.000000,0.000000,0.000000
10.045326,-37.546715,0.138793,0.000000,0.000000,-90.883426,1.000000,15,0.500000,0.500000,0.000000,0,0.000000,0.000000,0.000000,0.000000
10.043783,-37.646709,0.138793,0.000000,0.000000,-90.883426,1.000000,15,0.500000,0.500000,0.000000,0,0.000000,0.000000,0.000000,0.000000
10.042240,-37.746689,0.138793,0.000000,0.000000,-90.883426,1.000000,15,0.500000,0.500000,0.000000,0,0.000000,0.000000,0.000000,0.000000
10.040699,-37.846680,0.138793,0.000000,0.000000,-90.883426,1.000000,15,0.500000,0.500000,0.000000,0,0.000000,0.000000,0.000000,0.000000
10.039158,-37.946671,0.138793,0.000000,0.000000,-90.883426,1.000000,15,0.500000,0.500000,0.000000,0,0.000000,0.000000,0.000000,0.000000
10.037615,-38.046665,0.138793,0.000000,0.000000,-90.883426,1.000000,15,0.500000,0.500000,0.000000,0,0.000000,0.000000,0.000000,0.000000
10.036076,-38.146652,0.138793,0.000000,0.000000,-90.883426,1.000000,15,0.500000,0.500000,0.000000,0,0.000000,0.000000,0.000000,0.000000
10.034533,-38.246635,0.138793,0.000000,0.000000,-90.883426,1.000000,15,0.500000,0.500000,0.000000,0,0.000000,0.000000,0.000000,0.000000
10.032991,-38.346626,0.138793,0.000000,0.000000,-90.883426,1.000000,15,0.500000,0.500000,0.000000,0,0.000000,0.000000,0.000000,0.000000
10.031448,-38.446617,0.138793,0.000000,0.000000,-90.883426,1.000000,15,0.500000,0.500000,0.000000,0,0.000000,0.000000,0.000000,0.000000
10.029907,-38.546604,0.138793,0.000000,0.000000,-90.883426,1.000000,15,0.500000,0.500000,0.000000,0,0.000000,0.000000,0.000000,0.000000
10.028364,-38.646591,0.138793,0.000000,0.000000,-90.883426,1.000000,15,0.500000,0.500000,0.000000,0,0.000000,0.000000,0.000000,0.000000
10.026823,-38.746582,0.138793,0.000000,0.000000,-90.883426,1.000000,15,0.500000,0.500000,0.000000,0,0.000000,0.000000,0.000000,0.000000
10.025282,-38.846581,0.138793,0.000000,0.000000,-90.883426,1.000000,15,0.500000,0.500000,0.000000,0,0.000000,0.000000,0.000000,0.000000
10.023739,-38.946564,0.138793,0.000000,0.000000,-90.883426,1.000000,15,0.500000,0.500000,0.000000,0,0.000000,0.000000,0.000000,0.000000
10.022200,-39.046547,0.138793,0.000000,0.000000,-90.883426,1.000000,15,0.500000,0.500000,0.000000,0,0.000000,0.000000,0.000000,0.000000
10.020657,-39.146538,0.138793,0.000000,0.000000,-90.883426,1.000000,15,0.500000,0.500000,0.000000,0,0.000000,0.000000,0.000000,0.000000
10.019114,-39.246529,0.138793,0.000000,0.000000,-90.883426,1.000000,15,0.500000,0.500000,0.000000,0,0.000000,0.000000,0.000000,0.000000
10.017572,-39.346519,0.138793,0.000000,0.000000,-90.883426,1.000000,15,0.500000,0.500000,0.000000,0,0.000000,0.000000,0.000000,0.000000
10.016029,-39.446503,0.138793,0.000000,0.000000,-90.883426,1.000000,15,0.500000,0.500000,0.000000,0,0.000000,0.000000,0.000000,0.000000
10.014490,-39.546490,0.138793,0.000000,0.000000,-90.883426,1.000000,15,0.500000,0.500000,0.000000,0,0.000000,0.000000,0.000000,0.000000
10.012947,-39.646492,0.138793,0.000000,0.000000,-90.883426,1.000000,15,0.500000,0.500000,0.000000,0,0.000000,0.000000,0.000000,0.000000
10.011406,-39.746475,0.138793,0.000000,0.000000,-90.883426,1.000000,15,0.500000,0.500000,0.000000,0,0.000000,0.000000,0.000000,0.000000
10.009865,-39.846462,0.138793,0.000000,0.000000,-90.883426,1.000000,15,0.500000,0.500000,0.000000,0,0.000000,0.000000,0.000000,0.000000
10.008322,-39.946449,0.138793,0.000000,0.000000,-90.883426,1.000000,15,0.500000,0.500000,0.000000,0,0.000000,0.000000,0.000000,0.000000
10.006781,-40.046444,0.138793,0.000000,0.000000,-90.883426,1.000000,15,0.500000,0.500000,0.000000,0,0.000000,0.000000,0.000000,0.000000
10.005238,-40.146431,0.138793,0.000000,0.000000,-90.883426,1.000000,15,0.500000,0.500000,0.000000,0,0.000000,0.000000,0.000000,0.000000
10.003695,-40.246414,0.138793,0.000000,0.000000,-90.883426,1.000000,15,0.500000,0.500000,0.000000,0,0.000000,0.000000,0.000000,0.000000
10.002153,-40.346401,0.138793,0.000000,0.000000,-90.883426,1.000000,15,0.500000,0.500000,0.000000,0,0.000000,0.000000,0.000000,0.000000
10.000614,-40.446404,0.138793,0.000000,0.000000,-90.883426,1.000000,15,0.500000,0.500000,0.000000,0,0.000000,0.000000,0.000000,0.000000
9.999071,-40.546394,0.138793,0.000000,0.000000,-90.883426,1.000000,15,0.500000,0.500000,0.000000,0,0.000000,0.000000,0.000000,0.000000
9.997532,-40.646378,0.138793,0.000000,0.000000,-90.883426,1.000000,15,0.500000,0.500000,0.000000,0,0.000000,0.000000,0.000000,0.000000
9.995987,-40.746361,0.138793,0.000000,0.000000,-90.883426,1.000000,15,0.500000,0.500000,0.000000,0,0.000000,0.000000,0.000000,0.000000
9.994448,-40.846355,0.138793,0.000000,0.000000,-90.883426,1.000000,15,0.500000,0.500000,0.000000,0,0.000000,0.000000,0.000000,0.000000
9.992905,-40.946346,0.138793,0.000000,0.000000,-90.883426,1.000000,15,0.500000,0.500000,0.000000,0,0.000000,0.000000,0.000000,0.000000
9.991362,-41.046329,0.138793,0.000000,0.000000,-90.883426,1.000000,15,0.500000,0.500000,0.000000,0,0.000000,0.000000,0.000000,0.000000
9.989819,-41.146313,0.138793,0.000000,0.000000,-90.883426,1.000000,15,0.500000,0.500000,0.000000,0,0.000000,0.000000,0.000000,0.000000
9.988279,-41.246315,0.138793,0.000000,0.000000,-90.883426,1.000000,15,0.500000,0.500000,0.000000,0,0.000000,0.000000,0.000000,0.000000
9.986738,-41.346306,0.138793,0.000000,0.000000,-90.883426,1.000000,15,0.500000,0.500000,0.000000,0,0.000000,0.000000,0.000000,0.000000
9.985195,-41.446289,0.138793,0.000000,0.000000,-90.883426,1.000000,15,0.500000,0.500000,0.000000,0,0.000000,0.000000,0.000000,0.000000
9.983652,-41.546272,0.138793,0.000000,0.000000,-90.883426,1.000000,15,0.500000,0.500000,0.000000,0,0.000000,0.000000,0.000000,0.000000
9.982111,-41.646263,0.138793,0.000000,0.000000,-90.883426,1.000000,15,0.500000,0.500000,0.000000,0,0.000000,0.000000,0.000000,0.000000
9.980568,-41.746254,0.138793,0.000000,0.000000,-90.883426,1.000000,15,0.500000,0.500000,0.000000,0,0.000000,0.000000,0.000000,0.000000
9.979027,-41.846245,0.138793,0.000000,0.000000,-90.883426,1.000000,15,0.500000,0.500000,0.000000,0,0.000000,0.000000,0.000000,0.000000
9.977489,-41.946228,0.138793,0.000000,0.000000,-90.883426,1.000000,15,0.500000,0.500000,0.000000,0,0.000000,0.000000,0.000000,0.000000
9.975948,-42.046227,0.138793,0.000000,0.000000,-90.883426,1.000000,15,0.500000,0.500000,0.000000,0,0.000000,0.000000,0.000000,0.000000
9.974403,-42.146217,0.138793,0.000000,0.000000,-90.883426,1.000000,15,0.500000,0.500000,0.000000,0,0.000000,0.000000,0.000000,0.000000
9.972862,-42.246197,0.138793,0.000000,0.000000,-90.883426,1.000000,15,0.500000,0.500000,0.000000,0,0.000000,0.000000,0.000000,0.000000
9.971319,-42.346184,0.138793,0.000000,0.000000,-90.883426,1.000000,15,0.500000,0.500000,0.000000,0,0.000000,0.000000,0.000000,0.000000
9.969776,-42.446175,0.138793,0.000000,0.000000,-90.883426,1.000000,15,0.500000,0.500000,0.000000,0,0.000000,0.000000,0.000000,0.000000
9.968237,-42.546165,0.138793,0.000000,0.000000,-90.883426,1.000000,15,0.500000,0.500000,0.000000,0,0.000000,0.000000,0.000000,0.000000
9.966696,-42.646156,0.138793,0.000000,0.000000,-90.883426,1.000000,15,0.500000,0.500000,0.000000,0,0.000000,0.000000,0.000000,0.000000
9.965151,-42.746143,0.138793,0.000000,0.000000,-90.883426,1.000000,15,0.500000,0.500000,0.000000,0,0.000000,0.000000,0.000000,0.000000
9.963612,-42.846130,0.138793,0.000000,0.000000,-90.883426,1.000000,15,0.500000,0.500000,0.000000,0,0.000000,0.000000,0.000000,0.000000
9.962069,-42.946129,0.138793,0.000000,0.000000,-90.883426,1.000000,15,0.500000,0.500000,0.000000,0,0.000000,0.000000,0.000000,0.000000
9.960527,-43.046112,0.138793,0.000000,0.000000,-90.883426,1.000000,15,0.500000,0.500000,0.000000,0,0.000000,0.000000,0.000000,0.000000
9.958984,-43.146095,0.138793,0.000000,0.000000,-90.883426,1.000000,15,0.500000,0.500000,0.000000,0,0.000000,0.000000,0.000000,0.000000
9.957441,-43.246086,0.138793,0.000000,0.000000,-90.883426,1.000000,15,0.500000,0.500000,0.000000,0,0.000000,0.000000,0.000000,0.000000
9.955900,-43.346077,0.138793,0.000000,0.000000,-90.883426,1.000000,15,0.500000,0.500000,0.000000,0,0.000000,0.000000,0.000000,0.000000
9.954359,-43.446060,0.138793,0.000000,0.000000,-90.883426,1.000000,15,0.500000,0.500000,0.000000,0,0.000000,0.000000,0.000000,0.000000
9.952818,-43.546051,0.138793,0.000000,0.000000,-90.883426,1.000000,15,0.500000,0.500000,0.000000,0,0.000000,0.000000,0.000000,0.000000
9.951277,-43.646042,0.138793,0.000000,0.000000,-90.883426,1.000000,15,0.500000,0.500000,0.000000,0,0.000000,0.000000,0.000000,0.000000
9.949736,-43.746040,0.138793,0.000000,0.000000,-90.883426,1.000000,15,0.500000,0.500000,0.000000,0,0.000000,0.000000,0.000000,0.000000
9.948195,-43.846024,0.138793,0.000000,0.000000,-90.883426,1.000000,15,0.500000,0.500000,0.000000,0,0.000000,0.000000,0.000000,0.000000
9.946653,-43.946011,0.138793,0.000000,0.000000,-90.883426,1.000000,15,0.500000,0.500000,0.000000,0,0.000000,0.000000,0.000000,0.000000
9.945110,-44.045998,0.138793,0.000000,0.000000,-90.883426,1.000000,15,0.500000,0.500000,0.000000,0,0.000000,0.000000,0.000000,0.000000
9.943565,-44.145992,0.138793,0.000000,0.000000,-90.883426,1.000000,15,0.500000,0.500000,0.000000,0,0.000000,0.000000,0.000000,0.000000
9.942026,-44.245979,0.138793,0.000000,0.000000,-90.883426,1.000000,15,0.500000,0.500000,0.000000,0,0.000000,0.000000,0.000000,0.000000
9.940485,-44.345970,0.138793,0.000000,0.000000,-90.883426,1.000000,15,0.500000,0.500000,0.000000,0,0.000000,0.000000,0.000000,0.000000
9.938944,-44.445957,0.138793,0.000000,0.000000,-90.883426,1.000000,15,0.500000,0.500000,0.000000,0,0.000000,0.000000,0.000000,0.000000
9.937401,-44.545952,0.138793,0.000000,0.000000,-90.883426,1.000000,15,0.500000,0.500000,0.000000,0,0.000000,0.000000,0.000000,0.000000
9.935860,-44.645939,0.138793,0.000000,0.000000,-90.883426,1.000000,15,0.500000,0.500000,0.000000,0,0.000000,0.000000,0.000000,0.000000
9.934317,-44.745926,0.138793,0.000000,0.000000,-90.883426,1.000000,15,0.500000,0.500000,0.000000,0,0.000000,0.000000,0.000000,0.000000
9.932774,-44.845909,0.138793,0.000000,0.000000,-90.883426,1.000000,15,0.500000,0.500000,0.000000,0,0.000000,0.000000,0.000000,0.000000
9.931234,-44.945904,0.138793,0.000000,0.000000,-90.883426,1.000000,15,0.500000,0.500000,0.000000,0,0.000000,0.000000,0.000000,0.000000
9.929693,-45.045895,0.138793,0.000000,0.000000,-90.883426,1.000000,15,0.500000,0.500000,0.000000,0,0.000000,0.000000,0.000000,0.000000
9.928150,-45.145882,0.138793,0.000000,0.000000,-90.883426,1.000000,15,0.500000,0.500000,0.000000,0,0.000000,0.000000,0.000000,0.000000
9.926609,-45.245865,0.138793,0.000000,0.000000,-90.883426,1.000000,15,0.500000,0.500000,0.000000,0,0.000000,0.000000,0.000000,0.000000
9.925066,-45.345860,0.138793,0.000000,0.000000,-90.883426,1.000000,15,0.500000,0.500000,0.000000,0,0.000000,0.000000,0.000000,0.000000
9.923523,-45.445850,0.138793,0.000000,0.000000,-90.883426,1.000000,15,0.500000,0.500000,0.000000,0,0.000000,0.000000,0.000000,0.000000
9.921982,-45.545837,0.138793,0.000000,0.000000,-90.883426,1.000000,15,0.500000,0.500000,0.000000,0,0.000000,0.000000,0.000000,0.000000
9.920441,-45.645821,0.138793,0.000000,0.000000,-90.883426,1.000000,15,0.500000,0.500000,0.000000,0,0.000000,0.000000,0.000000,0.000000
9.918898,-45.745808,0.138793,0.000000,0.000000,-90.883426,1.000000,15,0.500000,0.500000,0.000000,0,0.000000,0.000000,0.000000,0.000000
9.917356,-45.845806,0.138793,0.000000,0.000000,-90.883426,1.000000,15,0.500000,0.500000,0.000000,0,0.000000,0.000000,0.000000,0.000000
9.915815,-45.945793,0.138793,0.000000,0.000000,-90.883426,1.000000,15,0.500000,0.500000,0.000000,0,0.000000,0.000000,0.000000,0.000000
9.914215,-46.049629,0.138793,-0.000000,0.000000,-90.883440,1.000000,15,0.500000,0.500000,0.000000,0,0.000000,0.000000,0.000000,0.000000
9.912676,-46.149628,0.138793,-0.000000,0.000000,-90.883440,1.000000,15,0.500000,0.500000,0.000000,0,0.000000,0.000000,0.000000,0.000000
9.911131,-46.249615,0.138793,-0.000000,0.000000,-90.883440,1.000000,15,0.500000,0.500000,0.000000,0,0.000000,0.000000,0.000000,0.000000
9.909588,-46.349598,0.138793,-0.000000,0.000000,-90.883440,1.000000,15,0.500000,0.500000,0.000000,0,0.000000,0.000000,0.000000,0.000000
9.908049,-46.449589,0.138793,-0.000000,0.000000,-90.883440,1.000000,15,0.500000,0.500000,0.000000,0,0.000000,0.000000,0.000000,0.000000
9.906504,-46.549576,0.138793,-0.000000,0.000000,-90.883399,1.000000,15,0.500000,0.500000,0.000000,0,0.000000,0.000000,0.000000,0.000000
9.904963,-46.649567,0.138793,-0.000000,0.000000,-90.883440,1.000000,15,0.500000,0.500000,0.000000,0,0.000000,0.000000,0.000000,0.000000
9.903423,-46.749561,0.138793,-0.000000,0.000000,-90.883440,1.000000,15,0.500000,0.500000,0.000000,0,0.000000,0.000000,0.000000,0.000000
9.901878,-46.849545,0.138793,-0.000000,0.000000,-90.883440,1.000000,15,0.500000,0.500000,0.000000,0,0.000000,0.000000,0.000000,0.000000
9.900339,-46.949535,0.138793,-0.000000,0.000000,-90.883440,1.000000,15,0.500000,0.500000,0.000000,0,0.000000,0.000000,0.000000,0.000000
9.898794,-47.049522,0.138793,-0.000000,0.000000,-90.883440,1.000000,15,0.500000,0.500000,0.000000,0,0.000000,0.000000,0.000000,0.000000
9.897255,-47.149517,0.138793,-0.000000,0.000000,-90.883440,1.000000,15,0.500000,0.500000,0.000000,0,0.000000,0.000000,0.000000,0.000000
9.895714,-47.249500,0.138793,-0.000000,0.000000,-90.883440,1.000000,15,0.500000,0.500000,0.000000,0,0.000000,0.000000,0.000000,0.000000
9.894171,-47.349487,0.138793,-0.000000,0.000000,-90.883440,1.000000,15,0.500000,0.500000,0.000000,0,0.000000,0.000000,0.000000,0.000000
9.892628,-47.449478,0.138793,-0.000000,0.000000,-90.883440,1.000000,15,0.500000,0.500000,0.000000,0,0.000000,0.000000,0.000000,0.000000
9.891087,-47.549469,0.138793,-0.000000,0.000000,-90.883440,1.000000,15,0.500000,0.500000,0.000000,0,0.000000,0.000000,0.000000,0.000000
9.889547,-47.649467,0.138793,-0.000000,0.000000,-90.883440,1.000000,15,0.500000,0.500000,0.000000,0,0.000000,0.000000,0.000000,0.000000
9.888002,-47.749451,0.138793,-0.000000,0.000000,-90.883440,1.000000,15,0.500000,0.500000,0.000000,0,0.000000,0.000000,0.000000,0.000000
9.886463,-47.849438,0.138793,-0.000000,0.000000,-90.883399,1.000000,15,0.500000,0.500000,0.000000,0,0.000000,0.000000,0.000000,0.000000
9.884920,-47.949429,0.138793,-0.000000,0.000000,-90.883440,1.000000,15,0.500000,0.500000,0.000000,0,0.000000,0.000000,0.000000,0.000000
9.883375,-48.049408,0.138793,-0.000000,0.000000,-90.883440,1.000000,15,0.500000,0.500000,0.000000,0,0.000000,0.000000,0.000000,0.000000
9.881834,-48.149399,0.138793,-0.000000,0.000000,-90.883440,1.000000,15,0.500000,0.500000,0.000000,0,0.000000,0.000000,0.000000,0.000000
9.880295,-48.249390,0.138793,-0.000000,0.000000,-90.883440,1.000000,15,0.500000,0.500000,0.000000,0,0.000000,0.000000,0.000000,0.000000
9.878752,-48.349384,0.138793,-0.000000,0.000000,-90.883440,1.000000,15,0.500000,0.500000,0.000000,0,0.000000,0.000000,0.000000,0.000000
9.877213,-48.449368,0.138793,-0.000000,0.000000,-90.883440,1.000000,15,0.500000,0.500000,0.000000,0,0.000000,0.000000,0.000000,0.000000
9.875669,-48.549358,0.138793,-0.000000,0.000000,-90.883440,1.000000,15,0.500000,0.500000,0.000000,0,0.000000,0.000000,0.000000,0.000000
9.874128,-48.649353,0.138793,-0.000000,0.000000,-90.883440,1.000000,15,0.500000,0.500000,0.000000,0,0.000000,0.000000,0.000000,0.000000
9.872585,-48.749336,0.138793,-0.000000,0.000000,-90.883440,1.000000,15,0.500000,0.500000,0.000000,0,0.000000,0.000000,0.000000,0.000000
9.871046,-48.849327,0.138793,-0.000000,0.000000,-90.883440,1.000000,15,0.500000,0.500000,0.000000,0,0.000000,0.000000,0.000000,0.000000
9.869501,-48.949310,0.138793,-0.000000,0.000000,-90.883440,1.000000,15,0.500000,0.500000,0.000000,0,0.000000,0.000000,0.000000,0.000000
9.867960,-49.049309,0.138793,-0.000000,0.000000,-90.883440,1.000000,15,0.500000,0.500000,0.000000,0,0.000000,0.000000,0.000000,0.000000
9.866419,-49.149296,0.138793,-0.000000,0.000000,-90.883399,1.000000,15,0.500000,0.500000,0.000000,0,0.000000,0.000000,0.000000,0.000000
9.864876,-49.249287,0.138793,-0.000000,0.000000,-90.883440,1.000000,15,0.500000,0.500000,0.000000,0,0.000000,0.000000,0.000000,0.000000
9.863335,-49.349270,0.138793,-0.000000,0.000000,-90.883440,1.000000,15,0.500000,0.500000,0.000000,0,0.000000,0.000000,0.000000,0.000000
9.861792,-49.449261,0.138793,-0.000000,0.000000,-90.883440,1.000000,15,0.500000,0.500000,0.000000,0,0.000000,0.000000,0.000000,0.000000
9.860250,-49.549252,0.138793,-0.000000,0.000000,-90.883440,1.000000,15,0.500000,0.500000,0.000000,0,0.000000,0.000000,0.000000,0.000000
9.858707,-49.649231,0.138793,-0.000000,0.000000,-90.883399,1.000000,15,0.500000,0.500000,0.000000,0,0.000000,0.000000,0.000000,0.000000
9.857164,-49.749222,0.138793,-0.000000,0.000000,-90.883440,1.000000,15,0.500000,0.500000,0.000000,0,0.000000,0.000000,0.000000,0.000000
9.855623,-49.849201,0.138793,-0.000000,0.000000,-90.883399,1.000000,15,0.500000,0.500000,0.000000,0,0.000000,0.000000,0.000000,0.000000
9.854084,-49.949203,0.138793,-0.000000,0.000000,-90.883440,1.000000,15,0.500000,0.500000,0.000000,0,0.000000,0.000000,0.000000,0.000000
9.852541,-50.049183,0.138793,-0.000000,0.000000,-90.883399,1.000000,15,0.500000,0.500000,0.000000,0,0.000000,0.000000,0.000000,0.000000
9.851002,-50.149170,0.138793,-0.000000,0.000000,-90.883440,1.000000,15,0.500000,0.500000,0.000000,0,0.000000,0.000000,0.000000,0.000000
9.849461,-50.249168,0.138793,-0.000000,0.000000,-90.883440,1.000000,15,0.500000,0.500000,0.000000,0,0.000000,0.000000,0.000000,0.000000
9.847914,-50.349148,0.138793,-0.000000,0.000000,-90.883399,1.000000,15,0.500000,0.500000,0.000000,0,0.000000,0.000000,0.000000,0.000000
9.846373,-50.449127,0.138793,-0.000000,0.000000,-90.883440,1.000000,15,0.500000,0.500000,0.000000,0,0.000000,0.000000,0.000000,0.000000
9.844831,-50.549114,0.138793,-0.000000,0.000000,-90.883399,1.000000,15,0.500000,0.500000,0.000000,0,0.000000,0.000000,0.000000,0.000000
9.843292,-50.649109,0.138793,-0.000000,0.000000,-90.883440,1.000000,15,0.500000,0.500000,0.000000,0,0.000000,0.000000,0.000000,0.000000
9.841749,-50.749096,0.138793,-0.000000,0.000000,-90.883440,1.000000,15,0.500000,0.500000,0.000000,0,0.000000,0.000000,0.000000,0.000000
9.840206,-50.849075,0.138793,-0.000000,0.000000,-90.883399,1.000000,15,0.500000,0.500000,0.000000,0,0.000000,0.000000,0.000000,0.000000
9.838667,-50.949074,0.138793,-0.000000,0.000000,-90.883440,1.000000,15,0.500000,0.500000,0.000000,0,0.000000,0.000000,0.000000,0.000000
9.837122,-51.049053,0.138793,-0.000000,0.000000,-90.883399,1.000000,15,0.500000,0.500000,0.000000,0,0.000000,0.000000,0.000000,0.000000
9.835581,-51.149040,0.138793,-0.000000,0.000000,-90.883440,1.000000,15,0.500000,0.500000,0.000000,0,0.000000,0.000000,0.000000,0.000000
9.834040,-51.249023,0.138793,-0.000000,0.000000,-90.883440,1.000000,15,0.500000,0.500000,0.000000,0,0.000000,0.000000,0.000000,0.000000
9.832500,-51.349022,0.138793,-0.000000,0.000000,-90.883399,1.000000,15,0.500000,0.500000,0.000000,0,0.000000,0.000000,0.000000,0.000000
9.830956,-51.449001,0.138793,-0.000000,0.000000,-90.883440,1.000000,15,0.500000,0.500000,0.000000,0,0.000000,0.000000,0.000000,0.000000
9.829416,-51.548992,0.138793,-0.000000,0.000000,-90.883440,1.000000,15,0.500000,0.500000,0.000000,0,0.000000,0.000000,0.000000,0.000000
9.827873,-51.648975,0.138793,-0.000000,0.000000,-90.883440,1.000000,15,0.500000,0.500000,0.000000,0,0.000000,0.000000,0.000000,0.000000
9.826332,-51.748966,0.138793,-0.000000,0.000000,-90.883440,1.000000,15,0.500000,0.500000,0.000000,0,0.000000,0.000000,0.000000,0.000000
9.824789,-51.848953,0.138793,-0.000000,0.000000,-90.883440,1.000000,15,0.500000,0.500000,0.000000,0,0.000000,0.000000,0.000000,0.000000
9.823250,-51.948944,0.138793,-0.000000,0.000000,-90.883440,1.000000,15,0.500000,0.500000,0.000000,0,0.000000,0.000000,0.000000,0.000000
9.821703,-52.048920,0.138793,-0.000000,0.000000,-90.883440,1.000000,15,0.500000,0.500000,0.000000,0,0.000000,0.000000,0.000000,0.000000
9.820166,-52.148914,0.138793,-0.000000,0.000000,-90.883440,1.000000,15,0.500000,0.500000,0.000000,0,0.000000,0.000000,0.000000,0.000000
9.818621,-52.248909,0.138793,-0.000000,0.000000,-90.883440,1.000000,15,0.500000,0.500000,0.000000,0,0.000000,0.000000,0.000000,0.000000
9.817080,-52.348888,0.138793,-0.000000,0.000000,-90.883440,1.000000,15,0.500000,0.500000,0.000000,0,0.000000,0.000000,0.000000,0.000000
9.815538,-52.448872,0.138793,-0.000000,0.000000,-90.883440,1.000000,15,0.500000,0.500000,0.000000,0,0.000000,0.000000,0.000000,0.000000
9.813997,-52.548859,0.138793,-0.000000,0.000000,-90.883440,1.000000,15,0.500000,0.500000,0.000000,0,0.000000,0.000000,0.000000,0.000000
9.812454,-52.648842,0.138793,-0.000000,0.000000,-90.883440,1.000000,15,0.500000,0.500000,0.000000,0,0.000000,0.000000,0.000000,0.000000
9.810913,-52.748840,0.138793,-0.000000,0.000000,-90.883440,1.000000,15,0.500000,0.500000,0.000000,0,0.000000,0.000000,0.000000,0.000000
9.809370,-52.848820,0.138793,-0.000000,0.000000,-90.883440,1.000000,15,0.500000,0.500000,0.000000,0,0.000000,0.000000,0.000000,0.000000
9.807831,-52.948814,0.138793,-0.000000,0.000000,-90.883440,1.000000,15,0.500000,0.500000,0.000000,0,0.000000,0.000000,0.000000,0.000000
9.806288,-53.048794,0.138793,-0.000000,0.000000,-90.883440,1.000000,15,0.500000,0.500000,0.000000,0,0.000000,0.000000,0.000000,0.000000
9.804745,-53.148781,0.138793,-0.000000,0.000000,-90.883440,1.000000,15,0.500000,0.500000,0.000000,0,0.000000,0.000000,0.000000,0.000000
9.803204,-53.248772,0.138793,-0.000000,0.000000,-90.883440,1.000000,15,0.500000,0.500000,0.000000,0,0.000000,0.000000,0.000000,0.000000
9.801661,-53.348755,0.138793,-0.000000,0.000000,-90.883440,1.000000,15,0.500000,0.500000,0.000000,0,0.000000,0.000000,0.000000,0.000000
9.800119,-53.448746,0.138793,-0.000000,0.000000,-90.883440,1.000000,15,0.500000,0.500000,0.000000,0,0.000000,0.000000,0.000000,0.000000
9.798578,-53.548733,0.138793,-0.000000,0.000000,-90.883440,1.000000,15,0.500000,0.500000,0.000000,0,0.000000,0.000000,0.000000,0.000000
9.797037,-53.648727,0.138793,-0.000000,0.000000,-90.883440,1.000000,15,0.500000,0.500000,0.000000,0,0.000000,0.000000,0.000000,0.000000
9.795494,-53.748707,0.138793,-0.000000,0.000000,-90.883440,1.000000,15,0.500000,0.500000,0.000000,0,0.000000,0.000000,0.000000,0.000000
9.793953,-53.848698,0.138793,-0.000000,0.000000,-90.883440,1.000000,15,0.500000,0.500000,0.000000,0,0.000000,0.000000,0.000000,0.000000
9.792410,-53.948681,0.138793,-0.000000,0.000000,-90.883440,1.000000,15,0.500000,0.500000,0.000000,0,0.000000,0.000000,0.000000,0.000000
9.790869,-54.048679,0.138793,-0.000000,0.000000,-90.883440,1.000000,15,0.500000,0.500000,0.000000,0,0.000000,0.000000,0.000000,0.000000
9.789326,-54.148651,0.138793,-0.000000,0.000000,-90.883440,1.000000,15,0.500000,0.500000,0.000000,0,0.000000,0.000000,0.000000,0.000000
9.787786,-54.248646,0.138793,-0.000000,0.000000,-90.883440,1.000000,15,0.500000,0.500000,0.000000,0,0.000000,0.000000,0.000000,0.000000
9.786245,-54.348633,0.138793,-0.000000,0.000000,-90.883440,1.000000,15,0.500000,0.500000,0.000000,0,0.000000,0.000000,0.000000,0.000000
9.784702,-54.448620,0.138793,-0.000000,0.000000,-90.883440,1.000000,15,0.500000,0.500000,0.000000,0,0.000000,0.000000,0.000000,0.000000
9.783161,-54.548603,0.138793,-0.000000,0.000000,-90.883440,1.000000,15,0.500000,0.500000,0.000000,0,0.000000,0.000000,0.000000,0.000000
9.781618,-54.648594,0.138793,-0.000000,0.000000,-90.883440,1.000000,15,0.500000,0.500000,0.000000,0,0.000000,0.000000,0.000000,0.000000
9.780075,-54.748573,0.138793,-0.000000,0.000000,-90.883440,1.000000,15,0.500000,0.500000,0.000000,0,0.000000,0.000000,0.000000,0.000000
9.778536,-54.848572,0.138793,-0.000000,0.000000,-90.883440,1.000000,15,0.500000,0.500000,0.000000,0,0.000000,0.000000,0.000000,0.000000
9.776993,-54.948547,0.138793,-0.000000,0.000000,-90.883440,1.000000,15,0.500000,0.500000,0.000000,0,0.000000,0.000000,0.000000,0.000000
9.775452,-55.048546,0.138793,-0.000000,0.000000,-90.883440,1.000000,15,0.500000,0.500000,0.000000,0,0.000000,0.000000,0.000000,0.000000
9.773911,-55.148525,0.138793,-0.000000,0.000000,-90.883440,1.000000,15,0.500000,0.500000,0.000000,0,0.000000,0.000000,0.000000,0.000000
9.772366,-55.248516,0.138793,-0.000000,0.000000,-90.883440,1.000000,15,0.500000,0.500000,0.000000,0,0.000000,0.000000,0.000000,0.000000
9.770824,-55.348499,0.138793,-0.000000,0.000000,-90.883440,1.000000,15,0.500000,0.500000,0.000000,0,0.000000,0.000000,0.000000,0.000000
9.769283,-55.448490,0.138793,-0.000000,0.000000,-90.883440,1.000000,15,0.500000,0.500000,0.000000,0,0.000000,0.000000,0.000000,0.000000
9.767742,-55.548470,0.138793,-0.000000,0.000000,-90.883440,1.000000,15,0.500000,0.500000,0.000000,0,0.000000,0.000000,0.000000,0.000000
9.766199,-55.648472,0.138793,-0.000000,0.000000,-90.883440,1.000000,15,0.500000,0.500000,0.000000,0,0.000000,0.000000,0.000000,0.000000
9.764660,-55.748451,0.138793,-0.000000,0.000000,-90.883440,1.000000,15,0.500000,0.500000,0.000000,0,0.000000,0.000000,0.000000,0.000000
9.763117,-55.848438,0.138793,-0.000000,0.000000,-90.883440,1.000000,15,0.500000,0.500000,0.000000,0,0.000000,0.000000,0.000000,0.000000
9.761574,-55.948425,0.138793,-0.000000,0.000000,-90.883440,1.000000,15,0.500000,0.500000,0.000000,0,0.000000,0.000000,0.000000,0.000000
9.760033,-56.048412,0.138793,-0.000000,0.000000,-90.883440,1.000000,15,0.500000,0.500000,0.000000,0,0.000000,0.000000,0.000000,0.000000
9.758492,-56.148396,0.138793,-0.000000,0.000000,-90.883440,1.000000,15,0.500000,0.500000,0.000000,0,0.000000,0.000000,0.000000,0.000000
9.756947,-56.248386,0.138793,-0.000000,0.000000,-90.883440,1.000000,15,0.500000,0.500000,0.000000,0,0.000000,0.000000,0.000000,0.000000
9.755407,-56.348366,0.138793,-0.000000,0.000000,-90.883440,1.000000,15,0.500000,0.500000,0.000000,0,0.000000,0.000000,0.000000,0.000000
9.753866,-56.448364,0.138793,-0.000000,0.000000,-90.883440,1.000000,15,0.500000,0.500000,0.000000,0,0.000000,0.000000,0.000000,0.000000
9.752323,-56.548344,0.138793,-0.000000,0.000000,-90.883440,1.000000,15,0.500000,0.500000,0.000000,0,0.000000,0.000000,0.000000,0.000000
9.750782,-56.648338,0.138793,-0.000000,0.000000,-90.883440,1.000000,15,0.500000,0.500000,0.000000,0,0.000000,0.000000,0.000000,0.000000
9.749239,-56.748318,0.138793,-0.000000,0.000000,-90.883440,1.000000,15,0.500000,0.500000,0.000000,0,0.000000,0.000000,0.000000,0.000000
9.747696,-56.848309,0.138793,-0.000000,0.000000,-90.883440,1.000000,15,0.500000,0.500000,0.000000,0,0.000000,0.000000,0.000000,0.000000
9.746155,-56.948292,0.138793,-0.000000,0.000000,-90.883440,1.000000,15,0.500000,0.500000,0.000000,0,0.000000,0.000000,0.000000,0.000000
9.744614,-57.048283,0.138793,-0.000000,0.000000,-90.883440,1.000000,15,0.500000,0.500000,0.000000,0,0.000000,0.000000,0.000000,0.000000
9.743073,-57.148262,0.138793,-0.000000,0.000000,-90.883440,1.000000,15,0.500000,0.500000,0.000000,0,0.000000,0.000000,0.000000,0.000000
9.741531,-57.248257,0.138793,-0.000000,0.000000,-90.883440,1.000000,15,0.500000,0.500000,0.000000,0,0.000000,0.000000,0.000000,0.000000
9.739990,-57.348244,0.138793,-0.000000,0.000000,-90.883440,1.000000,15,0.500000,0.500000,0.000000,0,0.000000,0.000000,0.000000,0.000000
9.738447,-57.448231,0.138793,-0.000000,0.000000,-90.883440,1.000000,15,0.500000,0.500000,0.000000,0,0.000000,0.000000,0.000000,0.000000
9.736904,-57.548214,0.138793,-0.000000,0.000000,-90.883440,1.000000,15,0.500000,0.500000,0.000000,0,0.000000,0.000000,0.000000,0.000000
9.735365,-57.648205,0.138793,-0.000000,0.000000,-90.883440,1.000000,15,0.500000,0.500000,0.000000,0,0.000000,0.000000,0.000000,0.000000
9.733818,-57.748196,0.138793,-0.000000,0.000000,-90.883440,1.000000,15,0.500000,0.500000,0.000000,0,0.000000,0.000000,0.000000,0.000000
9.732281,-57.848183,0.138793,-0.000000,0.000000,-90.883440,1.000000,15,0.500000,0.500000,0.000000,0,0.000000,0.000000,0.000000,0.000000
9.730738,-57.948162,0.138793,-0.000000,0.000000,-90.883440,1.000000,15,0.500000,0.500000,0.000000,0,0.000000,0.000000,0.000000,0.000000
9.729195,-58.048157,0.138793,-0.000000,0.000000,-90.883440,1.000000,15,0.500000,0.500000,0.000000,0,0.000000,0.000000,0.000000,0.000000
9.727654,-58.148136,0.138793,-0.000000,0.000000,-90.883440,1.000000,15,0.500000,0.500000,0.000000,0,0.000000,0.000000,0.000000,0.000000
9.726114,-58.248127,0.138793,-0.000000,0.000000,-90.883440,1.000000,15,0.500000,0.500000,0.000000,0,0.000000,0.000000,0.000000,0.000000
9.724571,-58.348110,0.138793,-0.000000,0.000000,-90.883440,1.000000,15,0.500000,0.500000,0.000000,0,0.000000,0.000000,0.000000,0.000000
9.723028,-58.448097,0.138793,-0.000000,0.000000,-90.883440,1.000000,15,0.500000,0.500000,0.000000,0,0.000000,0.000000,0.000000,0.000000
9.721485,-58.548080,0.138793,-0.000000,0.000000,-90.883440,1.000000,15,0.500000,0.500000,0.000000,0,0.000000,0.000000,0.000000,0.000000
9.719946,-58.648083,0.138793,-0.000000,0.000000,-90.883440,1.000000,15,0.500000,0.500000,0.000000,0,0.000000,0.000000,0.000000,0.000000
9.718403,-58.748062,0.138793,-0.000000,0.000000,-90.883440,1.000000,15,0.500000,0.500000,0.000000,0,0.000000,0.000000,0.000000,0.000000
9.716864,-58.848049,0.138793,-0.000000,0.000000,-90.883440,1.000000,15,0.500000,0.500000,0.000000,0,0.000000,0.000000,0.000000,0.000000
9.715319,-58.948040,0.138793,-0.000000,0.000000,-90.883440,1.000000,15,0.500000,0.500000,0.000000,0,0.000000,0.000000,0.000000,0.000000
9.713778,-59.048023,0.138793,-0.000000,0.000000,-90.883440,1.000000,15,0.500000,0.500000,0.000000,0,0.000000,0.000000,0.000000,0.000000
9.712236,-59.148014,0.138793,-0.000000,0.000000,-90.883440,1.000000,15,0.500000,0.500000,0.000000,0,0.000000,0.000000,0.000000,0.000000
9.710691,-59.247990,0.138793,-0.000000,0.000000,-90.883440,1.000000,15,0.500000,0.500000,0.000000,0,0.000000,0.000000,0.000000,0.000000
9.709148,-59.347988,0.138793,-0.000000,0.000000,-90.883440,1.000000,15,0.500000,0.500000,0.000000,0,0.000000,0.000000,0.000000,0.000000
9.707611,-59.447975,0.138793,-0.000000,0.000000,-90.883440,1.000000,15,0.500000,0.500000,0.000000,0,0.000000,0.000000,0.000000,0.000000
9.706068,-59.547962,0.138793,-0.000000,0.000000,-123.954983,1.000000,15,0.500000,0.500000,0.000000,0,0.000000,0.000000,0.000000,0.000000
